surface	cab_norm	count	class	ruling	result	reason
—	--	519	residual	reject	—	hegel1-tabelle
fuͤr	für	283	residual	accept	für	hegel1-paare
diß	dies	268	residual	accept	dies	hegel2
uͤberhaupt	überhaupt	231	residual	accept	überhaupt	hegel1-paare
andern	anderen	209	residual	reject	andern	hegel1-tabelle
Verhaͤltniß	Verhältnis	190	residual	accept	Verhältnis	hegel2
uͤber	über	188	residual	accept	über	hegel1-paare
Groͤße	Größe	156	residual	accept	Größe	cab
Andersſeyn	Anderssein	153	ss_audit	accept	Anderssein	hegel1-tabelle
Qualitaͤt	Qualität	134	residual	accept	Qualität	hegel1-paare
nemlich	nämlich	128	residual	accept	nämlich	hegel1-tabelle
Verhaͤltniſſe	Verhältnisse	120	residual	accept	Verhältnisse	hegel1-tabelle
Quantitaͤt	Quantität	112	residual	accept	Quantität	cab
enthaͤlt	enthält	105	residual	accept	enthält	hegel1-paare
daſſelbe	dasselbe	96	ss_audit	accept	dasselbe	hegel1-tabelle
Aeuſſerlichkeit	Äußerlichkeit	92	residual	accept	Äußerlichkeit	hegel1-tabelle
Maaß	Maß	90	residual	accept	Maß	hegel2
Wiſſenſchaft	Wissenschaft	89	ss_audit	accept	Wissenschaft	hegel1-tabelle
auſſer	außer	80	residual	accept	außer	hegel1-tabelle
gleichguͤltig	gleichgültig	79	residual	accept	gleichgültig	hegel1-paare
Continuitaͤt	Kontinuität	76	residual	accept	Kontinuität	hegel1-paare
Seyn-fuͤr-	Seyn-für-	73	residual	rewrite	Sein-für-	mechanisch
Andern	Anderen	71	residual	reject	Andern	hegel1-tabelle
Verhaͤltniſſes	Verhältnisses	70	residual	accept	Verhältnisses	hegel1-paare
Diß	Dies	69	residual	accept	Dies	hegel2
zunaͤchſt	zunächst	69	residual	accept	zunächst	hegel1-paare
waͤre	wäre	68	residual	accept	wäre	hegel1-paare
Groͤßen	Größen	68	residual	accept	Größen	cab
Fuͤrſichſeyn	Fürsichsein	68	residual	accept	Fürsichsein	hegel1-paare
deſſelben	desselben	67	ss_audit	accept	desselben	hegel1-tabelle
gleichguͤltige	gleichgültige	66	residual	accept	gleichgültige	hegel1-paare
aͤuſſerliche	äußerliche	62	residual	accept	äußerliche	hegel1-tabelle
Veraͤnderung	Veränderung	60	residual	accept	Veränderung	hegel1-paare
aͤuſſerlich	äußerlich	58	residual	accept	äußerlich	hegel1-tabelle
naͤher	näher	51	residual	accept	näher	hegel1-paare
Realitaͤt	Realität	50	residual	accept	Realität	hegel1-paare
Inſichſeyn	Insichseyn	48	cab_unnormalized	rewrite	Insichsein	hegel1-paare
Andre	Andere	46	residual	reject	Andre	hegel1-tabelle
ſpecifiſche	spezifische	45	residual	accept	spezifische	hegel1-tabelle
Gleichguͤltigkeit	Gleichgültigkeit	44	residual	accept	Gleichgültigkeit	hegel1-paare
deſſen	dessen	44	ss_audit	accept	dessen	hegel1-tabelle
gegenuͤber	gegenüber	44	residual	accept	gegenüber	hegel1-paare
Ruͤckſicht	Rücksicht	43	residual	accept	Rücksicht	hegel1-paare
Selbſtſtaͤndigkeit	Selbstständigkeit	43	residual	accept	Selbstständigkeit	hegel1-paare
wuͤrde	würde	43	residual	accept	würde	hegel1-paare
erhaͤlt	erhält	41	residual	accept	erhält	hegel1-paare
Wiſſen	Wissen	36	ss_audit	accept	Wissen	hegel1-tabelle
Uebergehen	Übergehen	35	residual	accept	Übergehen	hegel1-tabelle
ſpecifiſchen	spezifischen	34	residual	accept	spezifischen	hegel1-tabelle
Maaße	Maße	34	residual	rewrite	Masse	hegel2
Qualitaͤten	Qualitäten	34	residual	accept	Qualitäten	cab
koͤnnen	können	33	residual	accept	können	hegel1-paare
gehoͤrt	gehört	33	residual	accept	gehört	hegel1-paare
aͤuſſerlichen	äußerlichen	33	residual	accept	äußerlichen	hegel1-tabelle
Andersſeyns	Andersseins	32	ss_audit	accept	Andersseins	hegel1-tabelle
vornemlich	vornehmlich	32	residual	accept	vornehmlich	hegel1-tabelle
„	"	31	residual	reject	„	punctuation stays as printed
“	"	31	residual	reject	“	punctuation stays as printed
gewoͤhnlichen	gewöhnlichen	31	residual	accept	gewöhnlichen	hegel1-paare
aͤuſſerliches	Äußerliches	31	residual	rewrite	äußerliches	hegel1-tabelle
faͤllt	fällt	30	residual	accept	fällt	hegel1-paare
Selbſtſtaͤndige	Selbstständige	29	residual	accept	Selbstständige	cab
	[Formel]	29	residual	accept	[Formel]	cab
koͤnne	könne	29	residual	accept	könne	hegel1-paare
veraͤndert	verändert	27	residual	accept	verändert	hegel1-paare
Sphaͤre	Sphäre	26	residual	accept	Sphäre	hegel1-paare
uͤbergegangen	übergegangen	26	residual	accept	übergegangen	hegel1-paare
Princip	Prinzip	26	residual	accept	Prinzip	hegel1-tabelle
Idealitaͤt	Idealität	26	residual	accept	Idealität	cab
ausgedruͤckt	ausgedrückt	25	residual	accept	ausgedrückt	hegel1-paare
Identitaͤt	Identität	25	residual	accept	Identität	hegel1-paare
willen	Willen	25	residual	reject	willen	hegel1-tabelle
betrift	betrifft	25	residual	accept	betrifft	hegel1-paare
Maaßes	Maßes	25	residual	accept	Maßes	hegel2
continuirt	kontinuiert	24	residual	accept	kontinuiert	hegel2
laſſen	lassen	24	ss_audit	accept	lassen	hegel1-tabelle
Ruͤckkehr	Rückkehr	24	residual	accept	Rückkehr	hegel1-paare
laͤßt	läßt	24	residual	rewrite	lässt	hegel2
haͤtte	hätte	23	residual	accept	hätte	hegel1-paare
gleichguͤltiges	gleichgültiges	23	residual	accept	gleichgültiges	hegel1-paare
Selbſtſtaͤndigen	Selbstständigen	22	residual	accept	Selbstständigen	cab
Uebergang	Übergang	22	residual	accept	Übergang	hegel1-tabelle
Negativitaͤt	Negativität	20	residual	accept	Negativität	hegel1-paare
verhaͤlt	verhält	20	residual	accept	verhält	hegel1-paare
Erkenntniß	Erkenntnis	20	residual	accept	Erkenntnis	hegel2
aͤuſſere	äußere	19	residual	accept	äußere	hegel1-tabelle
andre	andere	19	residual	reject	andre	hegel1-tabelle
Wiſſenſchaften	Wissenschaften	19	ss_audit	accept	Wissenschaften	hegel1-paare
continuirliche	kontinuierliche	19	residual	accept	kontinuierliche	hegel2
Anſichbeſtimmtſeyn	Ansichbestimmtseyn	18	cab_unnormalized	rewrite	Ansichbestimmtsein	hegel2
uͤbergeht	übergeht	18	residual	accept	übergeht	hegel1-paare
zuruͤckgekehrt	zurückgekehrt	18	residual	accept	zurückgekehrt	hegel1-paare
gewoͤhnliche	gewöhnliche	18	residual	accept	gewöhnliche	cab
ſpecificirende	spezifizierende	16	residual	accept	spezifizierende	cab
ausdruͤckt	ausdrückt	16	residual	accept	ausdrückt	hegel1-paare
gleichguͤltigen	gleichgültigen	15	residual	accept	gleichgültigen	hegel1-paare
Koͤrper	Körper	15	residual	accept	Körper	hegel1-paare
Seyns-fuͤr-	Seyns-für-	15	residual	rewrite	Seins-für-	mechanisch
Abſciſſe	Abszisse	15	residual	accept	Abszisse	hegel2
fuͤr-	für-	15	residual	accept	für-	cab
Aufloͤſung	Auflösung	15	residual	accept	Auflösung	hegel1-paare
koͤnnte	könnte	14	residual	accept	könnte	hegel1-paare
naͤhere	nähere	14	residual	accept	nähere	hegel1-paare
veraͤnderlichen	veränderlichen	14	residual	accept	veränderlichen	cab
Statt	Stadt	14	residual	reject	Statt	hegel1-tabelle
voͤllig	völlig	14	residual	accept	völlig	hegel1-paare
ſelbſtſtaͤndig	selbständig	14	residual	rewrite	selbstständig	hegel1-tabelle
Verhaͤltniſſen	Verhältnissen	14	residual	accept	Verhältnissen	hegel1-paare
Mehrern	Mehreren	13	residual	reject	Mehrern	hegel1-paare
auſſerhalb	außerhalb	13	residual	accept	außerhalb	hegel1-paare
Fuͤrſichſeyns	Fürsichseins	13	residual	accept	Fürsichseins	hegel1-paare
hiemit	hiermit	13	residual	accept	hiermit	hegel1-tabelle
anſichſeyende	an-sich-seiende	13	residual	rewrite	ansichseiende	hegel1-tabelle
ſpecificirt	spezifiziert	13	residual	accept	spezifiziert	hegel2
uͤbrig	übrig	12	residual	accept	übrig	hegel1-paare
muͤſſe	müsse	12	residual	accept	müsse	hegel1-paare
Realitaͤten	Realitäten	12	residual	accept	Realitäten	hegel1-paare
ſpecificirte	spezifizierte	12	residual	accept	spezifizierte	hegel2
ausſchlieſſende	ausschließende	12	residual	accept	ausschließende	hegel1-tabelle
Potenzenverhaͤltniß	Potenzenverhältnis	12	residual	accept	Potenzenverhältnis	hegel2
Kraͤfte	Kräfte	12	residual	accept	Kräfte	hegel1-paare
groͤßer	größer	12	residual	accept	größer	cab
faͤhig	fähig	12	residual	accept	fähig	hegel1-paare
beſondern	besonderen	12	residual	rewrite	besondern	hegel1-tabelle
naͤhern	nähern	12	residual	accept	nähern	hegel1-paare
Auſſerſichſeyn	Außer-sich-sein	12	residual	rewrite	Außersichsein	hegel1-paare
zuruͤck	zurück	12	residual	accept	zurück	hegel1-paare
hoͤhere	höhere	12	residual	accept	höhere	hegel1-paare
Aenderung	Änderung	11	residual	accept	Änderung	hegel1-tabelle
aͤndert	ändert	11	residual	accept	ändert	hegel1-paare
Progreſſes	Progresses	11	ss_audit	accept	Progresses	cab
Specifiſche	Spezifische	11	residual	accept	Spezifische	hegel2
Specification	Spezifikation	11	residual	accept	Spezifikation	hegel2
Progreſſion	Progression	11	ss_audit	accept	Progression	cab
Progreſſe	Progresse	10	ss_audit	accept	Progresse	cab
groͤßere	größere	10	residual	accept	größere	cab
ſpecifiſch	spezifisch	10	residual	accept	spezifisch	hegel2
aͤuſſern	äußeren	10	residual	rewrite	äußern	hegel1-tabelle
reflectirte	reflektierte	10	residual	accept	reflektierte	hegel1-tabelle
Moͤglichkeit	Möglichkeit	10	residual	accept	Möglichkeit	hegel1-paare
ſpecifiſches	spezifisches	10	residual	accept	spezifisches	hegel2
waͤren	wären	10	residual	accept	wären	hegel1-paare
Finſterniß	Finsternis	10	residual	accept	Finsternis	hegel2
noͤthig	nötig	10	residual	accept	nötig	hegel1-paare
Raͤſonnement	Räsonnement	10	residual	accept	Räsonnement	hegel1-paare
Saͤtze	Sätze	10	residual	accept	Sätze	hegel1-paare
faſſen	fassen	10	ss_audit	accept	fassen	hegel1-tabelle
verlohren	verloren	10	residual	accept	verloren	hegel1-paare
Zuſtaͤnde	Zustände	9	residual	accept	Zustände	cab
Selbſtſtaͤndiges	Selbstständiges	9	residual	accept	Selbstständiges	cab
Phaͤnomenologie	Phänomenologie	9	residual	accept	Phänomenologie	hegel1-paare
Allmaͤhligkeit	Allmählichkeit	9	residual	accept	Allmählichkeit	hegel1-paare
gaͤnzlich	gänzlich	9	residual	accept	gänzlich	hegel1-paare
wiſſenſchaftlichen	wissenschaftlichen	9	ss_audit	accept	wissenschaftlichen	hegel1-paare
Gegenſtaͤnde	Gegenstände	9	residual	accept	Gegenstände	hegel1-paare
druͤckt	drückt	9	residual	accept	drückt	hegel1-paare
Mannichfaltigkeit	Mannigfaltigkeit	9	residual	accept	Mannigfaltigkeit	hegel1-tabelle
angefuͤhrten	angeführten	9	residual	accept	angeführten	hegel1-paare
ausdruͤcken	ausdrücken	9	residual	accept	ausdrücken	hegel1-paare
Aeuſſerliche	Äußerliche	9	residual	accept	Äußerliche	hegel1-paare
haͤlt	hält	9	residual	accept	hält	hegel1-paare
neuern	neueren	9	residual	reject	neuern	hegel1-tabelle
fuͤhrt	führt	9	residual	accept	führt	hegel1-paare
Diſſeits	Diesseits	9	residual	accept	Diesseits	hegel1-paare
Zuſammenhang	Zusammenhäng	9	residual	rewrite	Zusammenhang	hegel1-tabelle
Wiſſens	Wissens	8	ss_audit	accept	Wissens	hegel1-tabelle
ausſchlieſſend	ausschließend	8	residual	accept	ausschließend	hegel1-paare
Saͤure	Säure	8	residual	accept	Säure	hegel1-paare
zuruͤckgekehrte	zurückgekehrte	8	residual	accept	zurückgekehrte	hegel1-paare
faͤngt	fängt	8	residual	accept	fängt	hegel1-paare
Gegenſtaͤnden	Gegenständen	8	residual	accept	Gegenständen	hegel1-paare
Ausſchlieſſen	Ausschließen	8	residual	accept	Ausschließen	hegel1-tabelle
Aufhoͤren	Aufhören	8	residual	accept	Aufhören	hegel1-paare
Geſchaͤfte	Geschäfte	8	residual	accept	Geschäfte	hegel1-paare
Flaͤche	Fläche	8	residual	accept	Fläche	hegel1-paare
uͤbrigens	übrigens	8	residual	accept	übrigens	hegel1-paare
uͤberfluͤſſig	überflüssig	8	residual	accept	überflüssig	hegel1-tabelle
gelaſſen	gelassen	8	ss_audit	accept	gelassen	hegel1-tabelle
Maaßverhaͤltniß	Maßverhältnis	8	residual	accept	Maßverhältnis	hegel2
Saͤuren	Säuren	8	residual	accept	Säuren	cab
gewoͤhnlich	gewöhnlich	7	residual	accept	gewöhnlich	hegel1-paare
weitern	weiteren	7	residual	accept	weiteren	cab
An-ſich-beſtimmtſeyn	An-sich-bestimmtseyn	7	cab_unnormalized	rewrite	An-sich-bestimmtsein	mechanisch
veraͤnderlich	veränderlich	7	residual	accept	veränderlich	cab
Seynfuͤr-	Seynfür-	7	residual	rewrite	Seinfür-	mechanisch
Zufaͤlligkeit	Zufälligkeit	7	residual	accept	Zufälligkeit	hegel1-paare
ſelbſtſtaͤndigen	selbstständigen	7	residual	accept	selbstständigen	hegel1-paare
Groͤßebeſtimmung	Größebestimmung	7	residual	accept	Größebestimmung	cab
Kalien	Kali	7	residual	accept	Kali	cab
repelliren	rebellieren	7	residual	accept	rebellieren	hegel2
aufloͤst	auflöst	7	residual	accept	auflöst	hegel1-paare
erfuͤllen	erfüllen	7	residual	accept	erfüllen	hegel1-paare
moͤglich	möglich	7	residual	accept	möglich	hegel1-paare
hoͤherer	höherer	7	residual	accept	höherer	hegel1-paare
Abſtoſſen	Abstoßen	7	residual	accept	Abstoßen	hegel1-tabelle
erſtern	ersteren	7	residual	rewrite	erstern	hegel1-tabelle
haͤtten	hätten	7	residual	accept	hätten	hegel1-paare
gruͤndet	gründet	7	residual	accept	gründet	hegel1-paare
repellirt	rebelliert	7	residual	accept	rebelliert	hegel2
abſtrahirt	abstrahiert	7	residual	accept	abstrahiert	hegel1-tabelle
eigenthuͤmlichen	eigentümlichen	7	residual	accept	eigentümlichen	hegel1-paare
eigenthuͤmliche	eigentümliche	7	residual	accept	eigentümliche	hegel1-paare
innern	inneren	7	residual	reject	innern	hegel1-tabelle
Centrifugalkraft	Zentrifugalkraft	6	residual	accept	Zentrifugalkraft	hegel2
groͤßern	größeren	6	residual	accept	größeren	cab
zuruͤckgegangen	zurückgegangen	6	residual	accept	zurückgegangen	hegel1-paare
Beſchaͤftigung	Beschäftigung	6	residual	accept	Beschäftigung	cab
Maaßen	Maßen	6	residual	rewrite	Massen	hegel2
natuͤrlichen	natürlichen	6	residual	accept	natürlichen	hegel1-paare
aͤndern	ändern	6	residual	accept	ändern	hegel1-paare
Ausdruͤcke	Ausdrücke	6	residual	accept	Ausdrücke	hegel1-paare
hoͤhern	höheren	6	residual	rewrite	höhern	hegel1-tabelle
Groͤßenbeſtimmung	Größenbestimmung	6	residual	accept	Größenbestimmung	cab
dafuͤr	dafür	6	residual	accept	dafür	hegel1-paare
Maaßverhaͤltniſſe	Maßverhältnisse	6	residual	accept	Maßverhältnisse	hegel2
zuruͤckkehrt	zurückkehrt	6	residual	accept	zurückkehrt	hegel1-paare
gehoͤren	gehören	6	residual	accept	gehören	hegel1-paare
angehoͤrt	angehört	6	residual	accept	angehört	hegel1-paare
continuirlichen	kontinuierlichen	6	residual	accept	kontinuierlichen	hegel1-paare
Fuͤrſichſeyende	Fürsichseiende	6	residual	accept	Fürsichseiende	hegel1-paare
Principien	Prinzipien	6	residual	accept	Prinzipien	hegel1-tabelle
fernern	ferneren	6	residual	accept	ferneren	cab
Aeuſſerliches	Äußerliches	6	residual	accept	Äußerliches	hegel1-paare
muͤßte	müßte	6	residual	rewrite	müsste	hegel2
Totalitaͤt	Totalität	6	residual	accept	Totalität	hegel1-paare
Umſtaͤnde	Umstände	6	residual	accept	Umstände	hegel1-paare
eigne	eigene	6	residual	reject	eigne	hegel1-tabelle
Neutralitaͤt	Neutralität	6	residual	accept	Neutralität	cab
ausgeſchloſſen	ausgeschlossen	6	ss_audit	accept	ausgeschlossen	hegel1-tabelle
Maſſe	Maße	6	residual	rewrite	Masse	hegel1-tabelle
wuͤrden	würden	6	residual	accept	würden	hegel1-paare
Vorausſetzung	Voraussetzung	6	ss_audit	accept	Voraussetzung	hegel1-tabelle
fuͤhre	führe	6	residual	accept	führe	cab
zuruͤckgenommen	zurückgenommen	6	residual	accept	zurückgenommen	hegel1-paare
Fuͤr-	Für-	6	residual	accept	Für-	cab
Zehen	Zehn	6	residual	accept	Zehn	hegel2
perennirende	perennierende	6	residual	accept	perennierende	hegel2
uͤbrigen	übrigen	6	residual	accept	übrigen	hegel1-paare
beſchraͤnkt	beschränkt	6	residual	accept	beschränkt	hegel1-paare
Repelliren	Rebellieren	6	residual	accept	Rebellieren	hegel2
Zunaͤchſt	Zunächst	6	residual	accept	Zunächst	hegel1-paare
gleichguͤltiger	gleichgültiger	6	residual	accept	gleichgültiger	hegel1-paare
deßwegen	deswegen	6	residual	accept	deswegen	hegel2
willkuͤhrlich	willkürlich	6	residual	accept	willkürlich	hegel1-tabelle
Koͤrpers	Körpers	6	residual	accept	Körpers	hegel1-paare
veraͤndern	verändern	6	residual	accept	verändern	hegel1-paare
Quantitaͤtsbeſtimmungen	Quantitätsbestimmungen	6	residual	accept	Quantitätsbestimmungen	cab
Negiren	Negieren	6	residual	accept	Negieren	hegel1-tabelle
Maaßſtab	Maßstab	6	residual	accept	Maßstab	hegel2
hoͤrt	hört	6	residual	accept	hört	hegel1-paare
haͤufig	häufig	5	residual	accept	häufig	cab
Raumgroͤße	Raumgröße	5	residual	accept	Raumgröße	cab
qualificirenden	qualifizierenden	5	residual	accept	qualifizierenden	hegel2
Auſſerſichſeyns	Außer-sich-seins	5	residual	rewrite	Außersichseins	hegel2
Thaͤtigkeit	Tätigkeit	5	residual	accept	Tätigkeit	hegel1-paare
Intereſſe	Interesse	5	ss_audit	accept	Interesse	hegel1-tabelle
ſtaͤtig	stetig	5	residual	accept	stetig	hegel2
angehoͤren	angehören	5	residual	accept	angehören	hegel1-paare
Quantitaͤten	Quantitäten	5	residual	accept	Quantitäten	cab
negiren	negieren	5	residual	accept	negieren	hegel2
eignen	eigenen	5	residual	reject	eignen	hegel1-tabelle
Veraͤnderungen	Veränderungen	5	residual	accept	Veränderungen	cab
anfaͤngt	anfängt	5	residual	accept	anfängt	hegel1-paare
muͤſſen	müssen	5	residual	accept	müssen	hegel1-tabelle
(—	(--	5	residual	accept	(--	cab
Tavtologie	Tautologie	5	residual	accept	Tautologie	hegel1-paare
Anſich	An_sich	5	residual	rewrite	Ansich	hegel1-tabelle
eingeſchraͤnkt	eingeschränkt	5	residual	accept	eingeschränkt	hegel1-paare
Subſtantialitaͤt	Substantialität	5	residual	accept	Substantialität	hegel1-paare
merkwuͤrdig	merkwürdig	5	residual	accept	merkwürdig	hegel1-paare
ſelbſtſtaͤndige	selbstständige	5	residual	accept	selbstständige	hegel1-paare
hieher	hierher	5	residual	accept	hierher	hegel1-tabelle
vorausſetzt	voraussetzt	5	ss_audit	accept	voraussetzt	hegel1-tabelle
mehrern	mehreren	5	residual	reject	mehrern	hegel1-paare
unmoͤglich	unmöglich	5	residual	accept	unmöglich	hegel1-paare
Auſſerſichkommen	Aussersichkommen	5	ss_audit	accept	Aussersichkommen	cab
Guͤte	Güte	5	residual	accept	Güte	cab
Verknuͤpfung	Verknüpfung	5	residual	accept	Verknüpfung	hegel1-paare
ſpecificirten	spezifizierten	5	residual	accept	spezifizierten	hegel2
gewiſſen	gewissen	5	ss_audit	accept	gewissen	hegel1-tabelle
Uebergange	Übergange	5	residual	accept	Übergange	hegel1-tabelle
einemal	einmal	5	residual	reject	einemal	hegel1-tabelle
Saͤttigung	Sättigung	5	residual	accept	Sättigung	cab
urſpruͤnglichen	ursprünglichen	5	residual	accept	ursprünglichen	hegel1-paare
Maaßloſe	Maßlose	5	residual	accept	Maßlose	hegel2
Groͤßebeſtimmtheit	Größebestimmtheit	5	residual	accept	Größebestimmtheit	cab
zuruͤckgeht	zurückgeht	5	residual	accept	zurückgeht	hegel1-paare
Intenſitaͤt	Intensität	5	residual	accept	Intensität	hegel1-paare
hiedurch	hierdurch	5	residual	accept	hierdurch	hegel1-tabelle
zufaͤllige	zufällige	5	residual	accept	zufällige	hegel1-paare
negirt	negiert	5	residual	accept	negiert	hegel1-tabelle
Groͤſſen	Größen	5	residual	accept	Größen	hegel1-tabelle
ungefaͤhr	ungefähr	5	residual	accept	ungefähr	hegel1-paare
aͤuſſerlicher	äußerlicher	5	residual	accept	äußerlicher	hegel2
erklaͤrt	erklärt	5	residual	accept	erklärt	hegel1-paare
fuͤrſichſeyende	fürsichseiende	5	residual	accept	fürsichseiende	hegel1-paare
ſpecificiren	spezifizieren	4	residual	accept	spezifizieren	cab
gedruͤckt	gedrückt	4	residual	accept	gedrückt	hegel1-paare
aufgeloͤst	aufgelöst	4	residual	accept	aufgelöst	hegel1-paare
Kenntniß	Kenntnis	4	residual	accept	Kenntnis	hegel2
Ueberſchuß	Überschuss	4	residual	rewrite	Überschuß	mechanisch
Oberflaͤche	Oberfläche	4	residual	accept	Oberfläche	hegel1-paare
Quantitativitaͤt	Quantitativität	4	residual	accept	Quantitativität	cab
Calcul	Kalkül	4	residual	reject	Calcul	beibehalten (keine Quelle); prüfen
Modalitaͤt	Modalität	4	residual	accept	Modalität	cab
Geruͤſte	Gerüste	4	residual	accept	Gerüste	hegel1-paare
aufhoͤrt	aufhört	4	residual	accept	aufhört	hegel1-paare
Naͤherung	Näherung	4	residual	accept	Näherung	cab
wegzulaſſen	wegzulassen	4	ss_audit	accept	wegzulassen	cab
Staͤtigkeit	Stetigkeit	4	residual	accept	Stetigkeit	hegel2
Erklaͤrung	Erklärung	4	residual	accept	Erklärung	hegel1-paare
abhaͤngt	abhängt	4	residual	accept	abhängt	cab
hieruͤber	hierüber	4	residual	accept	hierüber	hegel1-paare
reflectirtes	reflektiertes	4	residual	accept	reflektiertes	hegel1-tabelle
Moralitaͤt	Moralität	4	residual	accept	Moralität	hegel1-paare
zerſtoͤrt	zerstört	4	residual	accept	zerstört	hegel1-paare
vollſtaͤndig	vollständig	4	residual	accept	vollständig	hegel1-paare
gruͤnden	gründen	4	residual	accept	gründen	hegel1-paare
definirt	definiert	4	residual	accept	definiert	hegel2
hoͤher	höher	4	residual	accept	höher	hegel1-paare
unnuͤtzen	unnützen	4	residual	accept	unnützen	hegel1-paare
veraͤnderliches	veränderliches	4	residual	accept	veränderliches	cab
erwaͤhnt	erwähnt	4	residual	accept	erwähnt	hegel1-paare
Fluͤſſigkeit	Flüssigkeit	4	residual	accept	Flüssigkeit	hegel1-tabelle
Zuruͤckgekehrtſeyn	Zurückgekehrtsein	4	residual	accept	Zurückgekehrtsein	hegel2
Willkuͤhr	Willkür	4	residual	accept	Willkür	hegel1-tabelle
continuirlich	kontinuierlich	4	residual	accept	kontinuierlich	hegel2
Incommenſurabilitaͤt	Inkommensurabilität	4	residual	accept	Inkommensurabilität	hegel1-paare
vernachlaͤſſigt	vernachlässigt	4	residual	accept	vernachlässigt	cab
Abgeſtoſſene	Abgestossene	4	ss_audit	accept	Abgestossene	cab
ausſchlieſſenden	ausschließenden	4	residual	accept	ausschließenden	hegel2
gaͤbe	gäbe	4	residual	accept	gäbe	hegel1-paare
ſtoͤßt	stößt	4	residual	accept	stößt	cab
Ruͤkſicht	Rücksicht	4	residual	accept	Rücksicht	hegel2
iſolirte	isolierte	4	residual	accept	isolierte	hegel1-paare
continuirliches	kontinuierliches	4	residual	accept	kontinuierliches	hegel2
L’	L'	4	residual	accept	L'	cab
loͤst	löst	4	residual	accept	löst	hegel1-paare
realiſirt	realisiert	4	residual	accept	realisiert	hegel1-tabelle
Ueberfluß	Überfluß	4	residual	accept	Überfluß	hegel2
reſultirt	resultiert	4	residual	accept	resultiert	hegel1-tabelle
Entaͤuſſerung	Entäusserung	4	residual	rewrite	Entäußerung	hegel1-tabelle
Saͤtzen	Sätzen	4	residual	accept	Sätzen	hegel1-paare
ſpaͤtere	spätere	4	residual	accept	spätere	cab
uͤberging	überging	4	residual	accept	überging	cab
eines-ſeyn	eines-seyn	4	cab_unnormalized	rewrite	eines-sein	mechanisch
reflectirt	reflektiert	4	residual	accept	reflektiert	hegel1-tabelle
Huͤlfe	Hilfe	4	residual	accept	Hilfe	hegel1-tabelle
Dinte	Tinte	4	residual	accept	Tinte	hegel2
zuruͤckgefuͤhrt	zurückgeführt	4	residual	accept	zurückgeführt	hegel1-paare
ſpecificirenden	spezifizierenden	4	residual	accept	spezifizierenden	cab
angefuͤhrte	angeführte	4	residual	accept	angeführte	hegel1-paare
ſpecificirend	spezifizierend	4	residual	accept	spezifizierend	cab
Hiemit	Hiermit	4	residual	accept	Hiermit	hegel1-tabelle
veraͤnderlicher	veränderlicher	4	residual	accept	veränderlicher	cab
Ausfuͤhrung	Ausführung	4	residual	accept	Ausführung	hegel1-paare
Weglaſſen	Weglassen	4	ss_audit	accept	Weglassen	cab
Andres	Anderes	4	residual	reject	Andres	hegel1-paare
Ueber	Über	4	residual	accept	Über	hegel1-paare
veraͤnderliche	veränderliche	4	residual	accept	veränderliche	cab
weggelaſſen	weggelassen	4	ss_audit	accept	weggelassen	hegel1-paare
tranſcendentale	transzendentale	4	residual	accept	transzendentale	hegel2
Uebereinſtimmung	Übereinstimmung	4	residual	accept	Übereinstimmung	hegel1-tabelle
angefuͤhrt	angeführt	3	residual	accept	angeführt	cab
beruͤhrt	berührt	3	residual	accept	berührt	hegel1-paare
gleichfoͤrmig	gleichförmig	3	residual	accept	gleichförmig	cab
ſelbſtſtaͤndiger	selbstständiger	3	residual	accept	selbstständiger	hegel1-paare
aufhoͤren	aufhören	3	residual	accept	aufhören	hegel1-paare
abſtoͤßt	abstößt	3	residual	accept	abstößt	cab
uͤbrige	übrige	3	residual	accept	übrige	hegel1-paare
Praͤdicats	Prädikats	3	residual	accept	Prädikats	hegel1-paare
Praͤdikat	Prädikat	3	residual	accept	Prädikat	cab
Quantitaͤtsbeſtimmung	Quantitätsbestimmung	3	residual	accept	Quantitätsbestimmung	cab
Vorlaͤufigkeit	Vorläufigkeit	3	residual	accept	Vorläufigkeit	cab
anderemal	andermal	3	residual	reject	anderemal	hegel1-tabelle
erwaͤhnte	erwähnte	3	residual	accept	erwähnte	hegel1-paare
Kenntniſſe	Kenntnisse	3	ss_audit	accept	Kenntnisse	hegel1-tabelle
auszudruͤcken	auszudrücken	3	residual	accept	auszudrücken	hegel1-paare
beſchraͤnkte	beschränkte	3	residual	accept	beschränkte	hegel1-paare
urſpruͤngliche	ursprüngliche	3	residual	accept	ursprüngliche	hegel1-paare
laͤge	läge	3	residual	accept	läge	hegel1-paare
verhaͤltnißloſe	verhältnislose	3	residual	accept	verhältnislose	hegel2
ſchwaͤchern	schwächeren	3	residual	accept	schwächeren	cab
Innre	Innere	3	residual	reject	Innre	hegel1-tabelle
Continuirliche	Kontinuierliche	3	residual	accept	Kontinuierliche	hegel2
Wuͤrde	Würde	3	residual	accept	Würde	hegel1-paare
erfuͤllt	erfüllt	3	residual	accept	erfüllt	hegel1-paare
Centralkoͤrper	Zentralkörper	3	residual	accept	Zentralkörper	hegel2
modificirt	modifiziert	3	residual	accept	modifiziert	hegel2
Auſſereinander	Außereinander	3	residual	accept	Außereinander	hegel2
letztern	letzteren	3	residual	reject	letztern	hegel1-tabelle
Beduͤrfniß	Bedürfnis	3	residual	accept	Bedürfnis	hegel2
hoͤchſtens	höchstens	3	residual	accept	höchstens	cab
Auſſer	Außer	3	residual	accept	Außer	hegel1-tabelle
Taͤuſchung	Täuschung	3	residual	accept	Täuschung	hegel1-paare
Calculs	Kalküls	3	residual	reject	Calculs	beibehalten (keine Quelle); prüfen
naͤchſten	nächsten	3	residual	accept	nächsten	hegel1-paare
Groͤßenunterſchied	Größenunterschied	3	residual	accept	Größenunterschied	cab
ſaͤttigen	sättigen	3	residual	accept	sättigen	cab
iſolirt	isoliert	3	residual	accept	isoliert	hegel1-tabelle
vorausſetzen	voraussetzen	3	ss_audit	accept	voraussetzen	cab
verhaͤltnißloſen	verhältnislosen	3	residual	accept	verhältnislosen	hegel2
durchgefuͤhrte	durchgeführte	3	residual	accept	durchgeführte	cab
Beſchaͤftigungen	Beschäftigungen	3	residual	accept	Beschäftigungen	cab
hoͤchſten	höchsten	3	residual	accept	höchsten	hegel1-paare
vorlaͤufig	vorläufig	3	residual	accept	vorläufig	cab
Bewandniß	Bewandtnis	3	residual	accept	Bewandtnis	hegel2
exiſtirt	existiert	3	residual	accept	existiert	hegel1-tabelle
beruͤhrende	berührende	3	residual	accept	berührende	cab
fixirt	fixiert	3	residual	accept	fixiert	hegel1-tabelle
Beſondern	Besonderen	3	residual	rewrite	Besondern	hegel1-tabelle
Waͤre	Wäre	3	residual	accept	Wäre	hegel1-paare
attrahirende	attrahierende	3	residual	accept	attrahierende	cab
Verhaͤltnißexponenten	Verhältnisexponenten	3	residual	accept	Verhältnisexponenten	hegel2
Ruͤckfall	Rückfall	3	residual	accept	Rückfall	cab
Haͤlfte	Hälfte	3	residual	accept	Hälfte	cab
Daſſelbe	Dasselbe	3	ss_audit	accept	Dasselbe	hegel1-paare
moͤge	möge	3	residual	accept	möge	hegel1-paare
conſtituirt	konstituiert	3	residual	accept	konstituiert	hegel1-tabelle
feſthaͤlt	festhält	3	residual	accept	festhält	hegel1-paare
vernuͤnftige	vernünftige	3	residual	accept	vernünftige	hegel1-paare
Staͤrke	Stärke	3	residual	accept	Stärke	hegel1-paare
auszuſchlieſſen	auszuschließen	3	residual	accept	auszuschließen	hegel1-paare
Wiederhohlung	Wiederholung	3	residual	accept	Wiederholung	hegel1-tabelle
abſtrahire	abstrahiere	3	residual	accept	abstrahiere	hegel2
Newtoniſchen	Neutonischen	3	residual	accept	Neutonischen	hegel2
zuſammenhaͤngt	zusammenhängt	3	residual	accept	zusammenhängt	cab
anzufuͤhren	anzuführen	3	residual	accept	anzuführen	hegel1-paare
mannichfaltig	mannigfaltig	3	residual	accept	mannigfaltig	hegel1-tabelle
innre	innere	3	residual	reject	innre	hegel1-tabelle
conſtituiren	konstituieren	3	residual	accept	konstituieren	hegel1-paare
fruͤhern	früheren	3	residual	rewrite	frühern	hegel1-tabelle
voͤllige	völlige	3	residual	accept	völlige	hegel1-paare
Ruͤckgang	Rückgang	3	residual	accept	Rückgang	hegel1-paare
tavtologiſche	tautologische	3	residual	accept	tautologische	hegel2
moͤgen	mögen	3	residual	accept	mögen	hegel1-paare
Waſſer	Wasser	3	ss_audit	accept	Wasser	hegel1-tabelle
aufgehoͤrt	aufgehört	3	residual	accept	aufgehört	hegel1-paare
gewaͤhren	gewähren	3	residual	accept	gewähren	hegel1-paare
kleinern	kleineren	3	residual	accept	kleineren	cab
beſtuͤnde	bestünde	3	residual	accept	bestünde	hegel1-paare
populaͤr	populär	3	residual	accept	populär	cab
uͤberſehen	übersehen	3	residual	accept	übersehen	hegel1-paare
Unbedeutenheit	Unbedeutendheit	3	residual	reject	Unbedeutenheit	hegel1-paare
uͤbergehen	übergehen	3	residual	accept	übergehen	hegel1-paare
raͤumliche	räumliche	3	residual	accept	räumliche	cab
uͤberwaͤltigt	überwältigt	3	residual	accept	überwältigt	hegel1-paare
Quantitaͤtsbeſtimmtheit	Quantitätsbestimmtheit	3	residual	accept	Quantitätsbestimmtheit	cab
Auſſerdem	Außerdem	3	residual	accept	Außerdem	hegel1-tabelle
gegenwaͤrtig	gegenwärtig	3	residual	accept	gegenwärtig	hegel1-paare
aſſertoriſch	assertorisch	3	ss_audit	accept	assertorisch	cab
Selbſtſtaͤndiger	Selbstständiger	3	residual	accept	Selbstständiger	cab
attrahirend	attrahierend	3	residual	accept	attrahierend	hegel2
ſelbſtſtaͤndiges	selbstständiges	3	residual	accept	selbstständiges	hegel1-paare
blos	bloß	3	residual	accept	bloß	hegel2
Fuͤrſichſeyenden	Für-sich-seienden	3	residual	rewrite	Fürsichseienden	hegel2
Foderung	Forderung	3	residual	accept	Forderung	hegel1-tabelle
Auſſen	Außen	3	residual	accept	Außen	hegel1-paare
geſchloſſen	geschlossen	3	ss_audit	accept	geschlossen	hegel1-paare
Kraͤften	Kräften	3	residual	accept	Kräften	cab
Gruͤnden	Gründen	3	residual	accept	Gründen	hegel1-paare
umſchlieſſende	umschließende	3	residual	accept	umschließende	hegel2
zerfaͤllt	zerfällt	3	residual	accept	zerfällt	hegel1-paare
heiſſen	heißen	3	residual	accept	heißen	hegel2
todten	toten	3	residual	accept	toten	hegel1-tabelle
Auſſereinanderſeyn	Auseinandersein	3	residual	rewrite	Außereinandersein	hegel2
tranſcendentalen	transzendentalen	3	residual	accept	transzendentalen	hegel2
ſpaͤter	später	3	residual	accept	später	cab
hoͤchſte	höchste	3	residual	accept	höchste	hegel1-paare
Zaͤhler	Zähler	3	residual	accept	Zähler	cab
Zahlgroͤße	Zahlgröße	3	residual	accept	Zahlgröße	cab
An-ſich-Beſtimmtſeyn	An-sich-Bestimmtseyn	3	cab_unnormalized	rewrite	An-sich-Bestimmtsein	mechanisch
Sproͤdigkeit	Sprödigkeit	3	residual	accept	Sprödigkeit	hegel1-paare
aſſertoriſche	assertorische	3	ss_audit	accept	assertorische	cab
druͤcken	drücken	3	residual	accept	drücken	hegel1-paare
wiſſen	wissen	3	ss_audit	accept	wissen	hegel1-tabelle
Neutraliſirung	Neutralisierung	3	residual	accept	Neutralisierung	hegel2
groͤßeres	größeres	3	residual	accept	größeres	cab
Unmoͤglichkeit	Unmöglichkeit	3	residual	accept	Unmöglichkeit	cab
erſchoͤpft	erschöpft	3	residual	accept	erschöpft	hegel1-paare
nichtſeyend	nichtseiernd	3	residual	accept	nichtseiernd	cab
wiſſenſchaftlich	wissenschaftlich	3	ss_audit	accept	wissenschaftlich	hegel1-paare
natuͤrliche	natürliche	3	residual	accept	natürliche	hegel1-paare
vollſtaͤndige	vollständige	3	residual	accept	vollständige	hegel1-paare
gegruͤndet	gegründet	3	residual	accept	gegründet	hegel1-paare
Einfuͤhrung	Einführung	3	residual	accept	Einführung	cab
itzt	jetzt	3	residual	reject	itzt	hegel1-tabelle
fuͤrſichſeyenden	für-sich-seienden	3	residual	rewrite	fürsichseienden	hegel1-tabelle
allmaͤhlig	allmählich	3	residual	accept	allmählich	cab
zuruͤckzubringen	zurückzubringen	3	residual	accept	zurückzubringen	cab
perennirendes	perennierendes	3	residual	accept	perennierendes	hegel2
fuͤhren	führen	3	residual	accept	führen	hegel1-paare
gewiſſe	gewisse	3	ss_audit	accept	gewisse	hegel1-tabelle
Selbſtſtaͤndigkeiten	Selbstständigkeiten	3	residual	accept	Selbstständigkeiten	hegel1-paare
Flieſſen	Fließen	3	residual	accept	Fließen	hegel2
ausſpricht	ausspricht	3	ss_audit	accept	ausspricht	hegel1-tabelle
…	...	3	residual	accept	...	cab
Inſichſeyns	Insichseyns	3	cab_unnormalized	rewrite	Insichseins	hegel1-paare
aͤltern	älteren	2	residual	accept	älteren	cab
Vernachlaͤſſigung	Vernachlässigung	2	residual	accept	Vernachlässigung	cab
waͤchſt	wächst	2	residual	accept	wächst	hegel1-paare
naͤmlich	nämlich	2	residual	accept	nämlich	hegel1-paare
fuͤr-ſich-ſeyende	für-sich-seyende	2	residual	rewrite	für-sich-seiende	mechanisch
Quantitaͤts-Beſtimmungen	Quantitäts-Bestimmungen	2	residual	accept	Quantitäts-Bestimmungen	cab
neutraliſiren	neutralisieren	2	residual	accept	neutralisieren	hegel2
inſichſeyende	insichseyende	2	cab_unnormalized	rewrite	insichseiende	hegel1-paare
continuirte	kontinuierte	2	residual	accept	kontinuierte	hegel2
tranſcendental	transzendental	2	residual	accept	transzendental	hegel2
daruͤber	darüber	2	residual	accept	darüber	hegel1-paare
Aeuſſerung	Äußerung	2	residual	accept	Äußerung	hegel1-tabelle
nichtſeyendes	nichtseyendes	2	cab_unnormalized	rewrite	nichtseiendes	mechanisch
Gewoͤhnlich	Gewöhnlich	2	residual	accept	Gewöhnlich	cab
uͤbereinſtimmen	übereinstimmen	2	residual	accept	übereinstimmen	hegel1-paare
wiederhohlt	wiederholt	2	residual	accept	wiederholt	hegel1-tabelle
Raͤumlichkeit	Räumlichkeit	2	residual	accept	Räumlichkeit	cab
Differentialien	Differentialja	2	residual	accept	Differentialja	cab
fuͤgt	fügt	2	residual	accept	fügt	cab
trift	trifft	2	residual	accept	trifft	hegel2
Beſtandſtuͤck	Bestandstück	2	residual	accept	Bestandstück	cab
gefodert	gefordert	2	residual	accept	gefordert	hegel1-paare
Capacitaͤten	Kapazitäten	2	residual	accept	Kapazitäten	hegel2
veraͤndernd	verändernd	2	residual	accept	verändernd	cab
erfodert	erfordert	2	residual	accept	erfordert	hegel1-paare
Unabhaͤngigkeit	Unabhängigkeit	2	residual	accept	Unabhängigkeit	cab
zuruͤckkehrende	zurückkehrende	2	residual	accept	zurückkehrende	hegel1-paare
unuͤberwindlichen	unüberwindlichen	2	residual	accept	unüberwindlichen	cab
vorzuͤglich	vorzüglich	2	residual	accept	vorzüglich	hegel1-paare
reflectirenden	reflektierenden	2	residual	accept	reflektierenden	hegel1-tabelle
Erlaͤuterung	Erläuterung	2	residual	accept	Erläuterung	cab
groͤßerer	größerer	2	residual	accept	größerer	cab
Gefuͤhls	Gefühls	2	residual	accept	Gefühls	hegel1-paare
Ausſchlieſſende	Ausschliessende	2	ss_audit	accept	Ausschliessende	cab
unſre	unsere	2	residual	rewrite	unsre	hegel1-tabelle
Aſſertion	Assertion	2	ss_audit	accept	Assertion	cab
weggelaſſenen	weggelassenen	2	ss_audit	accept	weggelassenen	cab
Princips	Prinzips	2	residual	accept	Prinzips	hegel1-paare
Anſich-Beſtimmtſeyn	Ansich-Bestimmtseyn	2	cab_unnormalized	rewrite	Ansich-Bestimmtsein	mechanisch
Schluͤſſe	Schlüsse	2	residual	accept	Schlüsse	hegel1-paare
Ausſchlieſſung	Ausschließung	2	residual	accept	Ausschließung	hegel1-paare
Uebergehens	Übergehens	2	residual	accept	Übergehens	hegel1-tabelle
An-ſich-ſeyn	An-sich-seyn	2	cab_unnormalized	rewrite	An-sich-sein	mechanisch
Qualificiren	Qualifizieren	2	residual	accept	Qualifizieren	cab
ungeſchikt	ungeschickt	2	residual	accept	ungeschickt	hegel2
fodert	fordert	2	residual	accept	fordert	hegel1-paare
Ichs	Ich_es	2	residual	reject	Ichs	hegel1-paare
Miſchungsverhaͤltniſſe	Mischungsverhältnisse	2	residual	accept	Mischungsverhältnisse	cab
Geſchaͤft	Geschäft	2	residual	accept	Geschäft	cab
Diſſertation	Dissertation	2	ss_audit	accept	Dissertation	cab
In-ſich-zuruͤckgekehrtſeyns	In-sich-zurückgekehrtseyns	2	residual	rewrite	In-sich-zurückgekehrtseins	mechanisch
zuruͤckkommt	zurückkommt	2	residual	accept	zurückkommt	hegel1-paare
vorausſetze	voraussetze	2	ss_audit	accept	voraussetze	cab
Verhaͤltnißmomente	Verhältnismomente	2	residual	accept	Verhältnismomente	cab
Vernuͤnftige	Vernünftige	2	residual	accept	Vernünftige	cab
ſummirbaren	summierbaren	2	residual	accept	summierbaren	hegel2
Groͤſſe	Größe	2	residual	accept	Größe	hegel1-tabelle
neutraliſirend	neutralisierend	2	residual	accept	neutralisierend	hegel2
zuruͤckgerufen	zurückgerufen	2	residual	accept	zurückgerufen	cab
Spinoza’s	Spinozas	2	residual	accept	Spinozas	cab
Naͤher	Näher	2	residual	accept	Näher	hegel1-paare
ſchraͤnkt	schränkt	2	residual	accept	schränkt	hegel1-paare
laͤngſt	längst	2	residual	accept	längst	hegel1-paare
Muͤhe	Mühe	2	residual	accept	Mühe	hegel1-paare
traͤte	träte	2	residual	accept	träte	hegel1-paare
Raumerfuͤllung	Raumerfüllung	2	residual	accept	Raumerfüllung	cab
Verhaͤltnißzahlen	Verhältniszahlen	2	residual	accept	Verhältniszahlen	hegel2
uͤbergetragen	übergetragen	2	residual	accept	übergetragen	hegel1-paare
Ausſchlieſſens	Ausschließens	2	residual	accept	Ausschließens	hegel2
Zuſammen„geſetzte	Zusammengesetzte	2	residual	accept	Zusammengesetzte	cab
beſchloſſen	beschlossen	2	ss_audit	accept	beschlossen	hegel1-paare
verſtaͤndlich	verständlich	2	residual	accept	verständlich	cab
veraͤnderte	veränderte	2	residual	accept	veränderte	hegel1-paare
abhaͤngen	abhängen	2	residual	accept	abhängen	hegel1-paare
hiebey	hierbei	2	residual	accept	hierbei	hegel1-paare
Seynsfuͤr-	Seynsfür-	2	residual	rewrite	Seinsfür-	mechanisch
Sehens	Sehen_es	2	residual	reject	Sehens	hegel1-tabelle
entſtuͤnde	entstünde	2	residual	accept	entstünde	hegel1-paare
Wuͤrzb.	Würzb.	2	residual	accept	Würzb.	cab
an-ſich-Beſtimmtſeyn	an-sich-Bestimmtseyn	2	cab_unnormalized	rewrite	an-sich-Bestimmtsein	mechanisch
gehoͤre	gehöre	2	residual	accept	gehöre	cab
gegenuͤberſteht	gegenübersteht	2	residual	accept	gegenübersteht	hegel1-paare
eignes	eigenes	2	residual	reject	eignes	hegel1-tabelle
beſtuͤnden	bestünden	2	residual	accept	bestünden	cab
attrahirt	attrahiert	2	residual	accept	attrahiert	hegel1-tabelle
concretern	konkreteren	2	residual	reject	concretern	beibehalten (keine Quelle); prüfen
zehente	zehnte	2	residual	accept	zehnte	hegel2
oberflaͤchliche	oberflächliche	2	residual	accept	oberflächliche	hegel1-paare
abhaͤngig	abhängig	2	residual	accept	abhängig	hegel1-paare
auſſerdem	außerdem	2	residual	accept	außerdem	hegel1-tabelle
Aeuſſerlichen	Äußerlichen	2	residual	accept	Äußerlichen	hegel1-paare
Maaßmomente	Maßmomente	2	residual	accept	Maßmomente	hegel2
Hoͤhe	Höhe	2	residual	accept	Höhe	hegel1-paare
vorlaͤufige	vorläufige	2	residual	accept	vorläufige	cab
continuiren	kontinuieren	2	residual	accept	kontinuieren	hegel2
Groͤßenunterſchiede	Größenunterschiede	2	residual	accept	Größenunterschiede	cab
duͤrfen	dürfen	2	residual	accept	dürfen	hegel1-paare
uͤben	üben	2	residual	accept	üben	cab
qualificirte	qualifizierte	2	residual	accept	qualifizierte	cab
reducirt	reduziert	2	residual	accept	reduziert	hegel1-tabelle
eigner	eigener	2	residual	reject	eigner	hegel1-tabelle
verhaͤltnißloſes	verhältnisloses	2	residual	accept	verhältnisloses	cab
ausgeſchloſſenen	ausgeschlossenen	2	ss_audit	accept	ausgeschlossenen	hegel1-paare
Uebergewicht	Übergewicht	2	residual	accept	Übergewicht	hegel2
Decimalbruͤchen	Dezimalbrüchen	2	residual	accept	Dezimalbrüchen	hegel2
perennirenden	perennierenden	2	residual	accept	perennierenden	hegel1-paare
aͤuſſeres	äußeres	2	residual	accept	äußeres	hegel1-tabelle
temperirt	temperiert	2	residual	accept	temperiert	hegel2
einemahl	einemmal	2	residual	accept	einemmal	hegel2
uͤberſchreiten	überschreiten	2	residual	accept	überschreiten	cab
willkuͤhrlicher	willkürlicher	2	residual	accept	willkürlicher	hegel2
erlaͤutert	erläutert	2	residual	accept	erläutert	cab
Daſeyenden	Da-seienden	2	residual	rewrite	Daseienden	hegel2
Groͤßen-	Größen-	2	residual	accept	Größen-	cab
verfloſſen	verflossen	2	ss_audit	accept	verflossen	cab
modificiren	modifizieren	2	residual	accept	modifizieren	hegel2
vorausgeſchikt	vorausgeschickt	2	residual	accept	vorausgeschickt	hegel2
Graden	Geraden	2	residual	accept	Geraden	hegel2
Maaßloſigkeit	Maßlosigkeit	2	residual	accept	Maßlosigkeit	hegel2
eingehuͤllt	eingehüllt	2	residual	accept	eingehüllt	hegel1-paare
anſichſeyenden	an-sich-seienden	2	residual	rewrite	ansichseienden	hegel1-tabelle
anzugehoͤren	anzugehören	2	residual	accept	anzugehören	hegel1-paare
hoͤchſt	höchst	2	residual	accept	höchst	hegel1-paare
Waͤrme	Wärme	2	residual	accept	Wärme	hegel1-paare
Gefuͤhl	Gefühl	2	residual	accept	Gefühl	hegel1-paare
In-ſich-ſeyn	In-sich-seyn	2	cab_unnormalized	rewrite	In-sich-sein	mechanisch
allmaͤhlige	allmähliche	2	residual	accept	allmähliche	hegel1-paare
Nichtſeyendes	Nichtseyendes	2	cab_unnormalized	rewrite	Nichtseiendes	hegel2
paſſend	passend	2	ss_audit	accept	passend	cab
abſtoſſend	abstoßend	2	residual	accept	abstoßend	hegel2
auſſen	außen	2	residual	accept	außen	hegel1-tabelle
angemeſſen	angemessen	2	ss_audit	accept	angemessen	hegel1-paare
fuͤhlt	fühlt	2	residual	accept	fühlt	hegel1-paare
Ruͤkſchritt	Rückschritt	2	residual	accept	Rückschritt	hegel2
muͤßten	müßten	2	residual	rewrite	müssten	hegel2
Einwuͤrfe	Einwürfe	2	residual	accept	Einwürfe	cab
Raͤſonnements	Räsonnements	2	residual	accept	Räsonnements	cab
beſchraͤnktes	beschränktes	2	residual	accept	beschränktes	hegel1-paare
unabhaͤngig	unabhängig	2	residual	accept	unabhängig	hegel1-paare
abhaͤlt	abhält	2	residual	accept	abhält	cab
Dieß	Dies	2	residual	accept	Dies	hegel2
tiefern	tieferen	2	residual	accept	tieferen	cab
Laͤßt	Läßt	2	residual	accept	Läßt	cab
moͤglichen	möglichen	2	residual	accept	möglichen	cab
zuruͤckgehende	zurückgehende	2	residual	accept	zurückgehende	hegel1-paare
wuͤrdig	würdig	2	residual	accept	würdig	hegel1-paare
Meſſen	Messen	2	ss_audit	accept	Messen	cab
Pendellaͤnge	Pendellänge	2	residual	accept	Pendellänge	cab
andremal	anderemal	2	residual	reject	andremal	hegel1-tabelle
Ausſprechen	Aussprechen	2	ss_audit	accept	Aussprechen	hegel1-tabelle
oberflaͤchlichſten	oberflächlichsten	2	residual	accept	oberflächlichsten	cab
Genuͤge	Genüge	2	residual	accept	Genüge	cab
oberflaͤchlich	oberflächlich	2	residual	accept	oberflächlich	hegel1-paare
zufaͤlligen	zufälligen	2	residual	accept	zufälligen	hegel1-paare
Maaßbeſtimmung	Maßbestimmung	2	residual	accept	Maßbestimmung	hegel2
abnaͤhme	abnähme	2	residual	accept	abnähme	cab
Gebraͤue	Gebräue	2	residual	accept	Gebräue	cab
Koͤrpern	Körpern	2	residual	accept	Körpern	hegel1-paare
gegenſtaͤndlichen	gegenständlichen	2	residual	accept	gegenständlichen	hegel1-paare
uͤbereinſtimmend	übereinstimmend	2	residual	accept	übereinstimmend	cab
aufloͤſen	auflösen	2	residual	accept	auflösen	hegel1-paare
zuruͤckkehren	zurückkehren	2	residual	accept	zurückkehren	hegel1-paare
raͤumlichen	räumlichen	2	residual	accept	räumlichen	hegel1-paare
Verhaͤltnißzahl	Verhältniszahl	2	residual	accept	Verhältniszahl	hegel2
Groͤßebeſtimmtheiten	Größebestimmtheiten	2	residual	accept	Größebestimmtheiten	cab
Specificiren	Spezifizieren	2	residual	accept	Spezifizieren	cab
Himmelskoͤrper	Himmelskörper	2	residual	accept	Himmelskörper	cab
Ruͤckſichten	Rücksichten	2	residual	accept	Rücksichten	hegel1-paare
Aeuſſeres	Äußeres	2	residual	accept	Äußeres	hegel1-tabelle
gemaͤß	gemäß	2	residual	accept	gemäß	cab
repellirende	rebellierende	2	residual	accept	rebellierende	hegel2
Zuſammenhange	Zusammenhänge	2	residual	rewrite	Zusammenhange	hegel1-tabelle
ſtaͤrker	stärker	2	residual	accept	stärker	hegel1-paare
Bemuͤhungen	Bemühungen	2	residual	accept	Bemühungen	hegel1-paare
unvollſtaͤndig	unvollständig	2	residual	accept	unvollständig	hegel1-paare
vergeſſen	vergessen	2	ss_audit	accept	vergessen	hegel1-tabelle
beruͤhren	berühren	2	residual	accept	berühren	hegel1-paare
Quantitaͤtsverhaͤltniß	Quantitätsverhältnis	2	residual	accept	Quantitätsverhältnis	hegel2
weglaͤßt	wegläßt	2	residual	rewrite	weglässt	hegel2
Gefuͤhle	Gefühle	2	residual	accept	Gefühle	hegel1-paare
erfuͤllten	erfüllten	2	residual	accept	erfüllten	hegel1-paare
Qualitativitaͤt	Qualitativität	2	residual	accept	Qualitativität	cab
Fuͤr	Für	2	residual	accept	Für	hegel1-paare
Raͤumen	Räumen	2	residual	accept	Räumen	cab
Fuͤr-ſich-ſeyn	Für-sich-seyn	2	residual	rewrite	Für-sich-sein	mechanisch
Vorzuͤge	Vorzüge	2	residual	accept	Vorzüge	cab
Character	Charakter	2	residual	accept	Charakter	hegel2
Schluͤſſen	Schlüssen	2	residual	accept	Schlüssen	cab
unaufgeloͤst	unaufgelöst	2	residual	accept	unaufgelöst	cab
Realiſirung	Realisierung	2	residual	accept	Realisierung	hegel1-tabelle
Zu„ſammenſetzung	Zusammensetzung	2	residual	accept	Zusammensetzung	cab
vielfaͤltig	vielfältig	2	residual	accept	vielfältig	cab
ſubſumirt	subsumiert	2	residual	accept	subsumiert	hegel1-paare
ſchlaͤgt	schlägt	2	residual	accept	schlägt	hegel1-paare
Angefuͤhrte	Angeführte	2	residual	accept	Angeführte	cab
continuirlicher	kontinuierlicher	2	residual	accept	kontinuierlicher	hegel2
aufgefuͤhrt	aufgeführt	2	residual	accept	aufgeführt	cab
Grundverhaͤltniſſe	Grundverhältnisse	2	residual	accept	Grundverhältnisse	cab
weitlaͤufiger	weitläufiger	2	residual	accept	weitläufiger	cab
Differential-Coefficienten	Differential-Koeffizienten	2	residual	accept	Differential-Koeffizienten	cab
Objectiviren	Objektivieren	2	residual	accept	Objektivieren	hegel2
Erfuͤllung	Erfüllung	2	residual	accept	Erfüllung	hegel1-paare
Zuſammenfaſſen	Zusammenfassen	2	ss_audit	accept	Zusammenfassen	cab
erfuͤlle	erfülle	2	residual	accept	erfülle	hegel1-paare
geaͤndert	geändert	2	residual	accept	geändert	hegel1-paare
geſchoͤpft	geschöpft	2	residual	accept	geschöpft	cab
geruͤgten	gerügten	2	residual	accept	gerügten	cab
ſtuͤnde	stünde	2	residual	accept	stünde	hegel1-paare
Einsſeyn	Einssein	2	ss_audit	accept	Einssein	hegel1-tabelle
Subjectivitaͤt	Subjektivität	2	residual	accept	Subjektivität	hegel1-paare
hiezu	hierzu	2	residual	accept	hierzu	hegel1-paare
mannichfaltiger	mannigfaltiger	2	residual	accept	mannigfaltiger	hegel1-tabelle
uͤberall	überall	2	residual	accept	überall	hegel1-paare
beſtimmtern	bestimmteren	2	residual	rewrite	bestimmtern	hegel1-paare
aufzufaſſen	aufzufassen	2	ss_audit	accept	aufzufassen	hegel1-tabelle
Beſchraͤnken	Beschränken	2	residual	accept	Beschränken	cab
populaͤren	populären	2	residual	accept	populären	cab
Vermoͤgenszuſtand	Vermögenszustand	2	residual	accept	Vermögenszustand	cab
Erlaͤuterungen	Erläuterungen	2	residual	accept	Erläuterungen	cab
Flaͤchenkraft	Flächenkraft	2	residual	accept	Flächenkraft	cab
urſpruͤngliches	ursprüngliches	2	residual	accept	ursprüngliches	hegel1-paare
haͤngt	hängt	2	residual	accept	hängt	hegel1-paare
Fuͤlle	Fülle	2	residual	accept	Fülle	hegel1-paare
Misverſtand	Missverstand	2	residual	accept	Missverstand	hegel2
Seyender-fuͤr-	Seyender-für-	2	residual	rewrite	Seiender-für-	mechanisch
Grundmaaß	Grundmaß	2	residual	accept	Grundmaß	hegel2
oͤffentlichen	öffentlichen	2	residual	accept	öffentlichen	hegel1-paare
verlaſſen	verlassen	2	ss_audit	accept	verlassen	hegel1-paare
Widerſpruͤche	Widersprüche	2	residual	accept	Widersprüche	hegel1-paare
gehoͤrte	gehörte	2	residual	accept	gehörte	hegel1-paare
Neuern	Neueren	2	residual	accept	Neueren	cab
befaͤnde	befände	2	residual	accept	befände	cab
afficirt	affiziert	2	residual	accept	affiziert	hegel1-tabelle
gewiſſer	gewisser	2	ss_audit	accept	gewisser	cab
erwaͤhnten	erwähnten	2	residual	accept	erwähnten	hegel1-paare
wiſſenſchaftliche	wissenschaftliche	2	ss_audit	accept	wissenschaftliche	hegel1-tabelle
hoͤrte	hörte	2	residual	accept	hörte	hegel1-paare
insgeſammt	insgesamt	2	residual	accept	insgesamt	hegel2
traͤge	träge	2	residual	accept	träge	hegel1-paare
willkuͤhrliches	Willkürliches	2	residual	accept	Willkürliches	hegel2
aufzuloͤſen	aufzulösen	2	residual	accept	aufzulösen	hegel1-paare
ſucceſſive	sukzessive	2	residual	accept	sukzessive	hegel2
uͤberwinden	überwinden	2	residual	accept	überwinden	hegel1-paare
Accent	Akzent	2	residual	accept	Akzent	hegel1-tabelle
Haͤrte	Härte	2	residual	accept	Härte	hegel1-paare
Itzt	Jetzt	2	residual	reject	Itzt	hegel1-tabelle
intereſſant	interessant	2	ss_audit	accept	interessant	hegel1-paare
aͤuſſerer	äußerer	2	residual	accept	äußerer	hegel1-tabelle
Uebergangs	Übergangs	2	residual	accept	Übergangs	hegel1-paare
uͤbergehend	übergehend	2	residual	accept	übergehend	hegel1-paare
reſultiren	resultieren	2	residual	accept	resultieren	hegel2
raͤumlich	räumlich	2	residual	accept	räumlich	cab
Ueberſchriften	Überschriften	2	residual	accept	Überschriften	hegel2
uͤbergreift	übergreift	2	residual	accept	übergreift	hegel1-paare
wiſſenſchaftlicher	wissenschaftlicher	2	ss_audit	accept	wissenschaftlicher	cab
iſolirtes	isoliertes	2	residual	accept	isoliertes	hegel2
Intenſitaͤten	Intensitäten	2	residual	accept	Intensitäten	cab
beſtaͤndig	beständig	2	residual	accept	beständig	hegel1-paare
Verhaͤltnißbeſtimmung	Verhältnisbestimmung	2	residual	accept	Verhältnisbestimmung	hegel2
iſolirten	isolierten	2	residual	accept	isolierten	hegel1-paare
tavtologiſcher	tautologischer	2	residual	accept	tautologischer	hegel2
attrahirenden	attrahierenden	2	residual	accept	attrahierenden	hegel2
ausuͤbt	ausübt	2	residual	accept	ausübt	hegel1-paare
Lehrbuͤchern	Lehrbüchern	2	residual	accept	Lehrbüchern	cab
Reflectiren	Reflektieren	2	residual	accept	Reflektieren	hegel1-paare
Ueberhaupt	Überhaupt	2	residual	accept	Überhaupt	hegel2
begruͤndet	begründet	2	residual	accept	begründet	cab
Erklaͤren	Erklären	2	residual	accept	Erklären	hegel1-paare
anderwaͤrts	anderwärts	2	residual	accept	anderwärts	cab
Punktualitaͤt	Punktualität	2	residual	accept	Punktualität	cab
Weglaſſung	Weglassung	2	ss_audit	accept	Weglassung	cab
nemlichen	nämlichen	2	residual	accept	nämlichen	hegel2
Verfaſſung	Verfassung	2	ss_audit	accept	Verfassung	cab
paſſenden	passenden	1	ss_audit	accept	passenden	cab
Nichts-Sagen	Nicht-Sagen	1	residual	accept	Nicht-Sagen	cab
anknuͤpfen	anknüpfen	1	residual	accept	anknüpfen	cab
Meſſer	Messer	1	ss_audit	accept	Messer	cab
ſubſtanzielle	substantielle	1	residual	accept	substantielle	hegel2
Irritabilitaͤt	Irritabilität	1	residual	accept	Irritabilität	hegel1-paare
guͤltig	gültig	1	residual	accept	gültig	hegel1-paare
lemmatiſcher	Lemmatische	1	residual	accept	Lemmatische	cab
Tavtologien	Tautologien	1	residual	accept	Tautologien	hegel2
Fichte’ſche	Fichte'sche	1	residual	accept	Fichte'sche	cab
Paͤdagogik	Pädagogik	1	residual	accept	Pädagogik	cab
Temperatur-Aenderung	Temperatur-Änderung	1	residual	accept	Temperatur-Änderung	cab
Buͤrger	Bürger	1	residual	accept	Bürger	hegel1-paare
zehen	zehn	1	residual	accept	zehn	hegel2
uͤbereinander	übereinander	1	residual	accept	übereinander	cab
unabhaͤngiges	unabhängiges	1	residual	accept	unabhängiges	hegel1-paare
gezaͤhlte	gezählte	1	residual	accept	gezählte	cab
zuruͤckgekehrtes	zurückgekehrtes	1	residual	accept	zurückgekehrtes	hegel1-paare
eines-ſeyns	eines-seyns	1	cab_unnormalized	rewrite	eines-seins	mechanisch
verknuͤpfen	verknüpfen	1	residual	accept	verknüpfen	hegel1-paare
laͤngere	längere	1	residual	accept	längere	cab
ſchlieſſen	schließen	1	residual	accept	schließen	hegel1-paare
zuſammengeknuͤpft	zusammengeknüpft	1	residual	accept	zusammengeknüpft	cab
conſtruirenden	konstruierenden	1	residual	accept	konstruierenden	hegel2
Addirens	Addierens	1	residual	accept	Addierens	hegel2
gelaͤutert	geläutert	1	residual	accept	geläutert	hegel1-paare
Schikfal	Schicksal	1	residual	accept	Schicksal	cab
andres	anderes	1	residual	reject	andres	hegel1-tabelle
bekuͤmmert	bekümmert	1	residual	accept	bekümmert	hegel1-paare
Potenzenverhaͤltniſſe	Potenzenverhältnisse	1	residual	accept	Potenzenverhältnisse	cab
geſagte	Gesagte	1	residual	rewrite	gesagte	hegel1-tabelle
gruͤndete	gründete	1	residual	accept	gründete	cab
Ausgeſchloſſene	Ausgeschlossene	1	ss_audit	accept	Ausgeschlossene	cab
concentriſch	konzentrisch	1	residual	accept	konzentrisch	hegel2
fuͤhlen	fühlen	1	residual	accept	fühlen	hegel1-paare
An-ſich-beſtimmtſeyns	An-sich-bestimmtseyns	1	cab_unnormalized	rewrite	An-sich-bestimmtseins	mechanisch
aͤuſſert	äußert	1	residual	accept	äußert	hegel1-tabelle
Unbetraͤchtlichkeit	Unbeträchtlichkeit	1	residual	accept	Unbeträchtlichkeit	cab
Hinzufuͤgen	Hinzufügen	1	residual	accept	Hinzufügen	cab
einlaͤßt	einläßt	1	residual	rewrite	einlässt	hegel2
Verruͤktheit	Verrücktheit	1	residual	accept	Verrücktheit	hegel1-tabelle
behaͤlt	behält	1	residual	accept	behält	hegel1-paare
auſſereinanderſeyende	aussereinanderseyende	1	ss_audit	rewrite	außereinanderseiende	mechanisch
Erlaubniß	Erlaubnis	1	residual	accept	Erlaubnis	cab
Quantumsveraͤnderung	Quantumsveränderung	1	residual	accept	Quantumsveränderung	cab
angebohrne	angeborene	1	residual	rewrite	angeborne	hegel1-tabelle
Ueberwiegende	Überwiegende	1	residual	accept	Überwiegende	mechanisch
Brillen	Brüllen	1	residual	accept	Brüllen	hegel2
Qualitaͤtsloſes	Qualitätsloses	1	residual	accept	Qualitätsloses	cab
unnuͤtz	unnütz	1	residual	accept	unnütz	hegel1-paare
Geſchiklichkeit	Geschicklichkeit	1	residual	accept	Geschicklichkeit	hegel2
objectivirende	objektivierende	1	residual	accept	objektivierende	hegel2
verknuͤpftes	verknüpftes	1	residual	accept	verknüpftes	cab
Moͤgliche	Mögliche	1	residual	accept	Mögliche	cab
Aeuſſerlichem	Äußerlichem	1	residual	rewrite	Äusserlichem	mechanisch
gelaͤufigen	geläufigen	1	residual	accept	geläufigen	cab
Gegenſtaͤndlichen	Gegenständlichen	1	residual	accept	Gegenständlichen	hegel1-paare
Hinausſeyn	Hinaussein	1	ss_audit	accept	Hinaussein	hegel2
ſeye	sei	1	residual	accept	sei	hegel1-paare
Beſchraͤnkte	Beschränkte	1	residual	accept	Beschränkte	hegel1-paare
ignorirt	ignoriert	1	residual	accept	ignoriert	hegel2
unvollkommner	unvollkommener	1	residual	accept	unvollkommener	cab
aͤltere	ältere	1	residual	accept	ältere	cab
paſſiv	passiv	1	ss_audit	accept	passiv	hegel1-paare
knuͤpft	knüpft	1	residual	accept	knüpft	hegel1-paare
paͤdagogiſchen	pädagogischen	1	residual	accept	pädagogischen	hegel1-paare
diſſeits	diesseits	1	residual	accept	diesseits	hegel1-paare
producirt	produziert	1	residual	accept	produziert	hegel2
einfuͤhre	einführe	1	residual	accept	einführe	cab
nichtanſichſeyend	nichtansichseyend	1	cab_unnormalized	rewrite	nichtansichseiend	mechanisch
Daſſelbe-ſeyn	Dasselbe-seyn	1	ss_audit	rewrite	Dasselbe-sein	mechanisch
abſtoſſen	abstoßen	1	residual	accept	abstoßen	hegel1-paare
Koͤrperelemente	Körperelemente	1	residual	accept	Körperelemente	cab
Verhaͤltnißmoments	Verhältnismoments	1	residual	accept	Verhältnismoments	hegel2
Hauptſtuͤcke	Hauptstücke	1	residual	accept	Hauptstücke	cab
Seyn-fuͤr-eins	Seyn-für-eins	1	residual	rewrite	Sein-für-eins	mechanisch
Begrif	Begriff	1	residual	accept	Begriff	cab
Buͤchern	Büchern	1	residual	accept	Büchern	hegel1-paare
attrahirten	attrahierten	1	residual	accept	attrahierten	hegel2
Gleichniſſes	Gleichnisses	1	ss_audit	accept	Gleichnisses	cab
operirt	operiert	1	residual	accept	operiert	hegel2
erfaſſen	erfassen	1	ss_audit	accept	erfassen	cab
repreſentirt	repräsentiert	1	residual	accept	repräsentiert	hegel1-paare
aͤcht	echt	1	residual	accept	echt	hegel2
Maaßbeſtimmtheit	Maßbestimmtheit	1	residual	accept	Maßbestimmtheit	hegel2
groſſen	großen	1	residual	accept	großen	hegel1-tabelle
Conſtruiren	konstruieren	1	residual	accept	konstruieren	hegel2
truͤber	trüber	1	residual	accept	trüber	cab
Stikſtoff	Stickstoff	1	residual	accept	Stickstoff	hegel1-paare
unſers	unseres	1	residual	rewrite	unsers	hegel1-paare
beſtaͤndige	beständige	1	residual	accept	beständige	hegel1-paare
kontinuirt	kontinuiert	1	residual	accept	kontinuiert	cab
daſeyenden	da-seienden	1	residual	rewrite	daseienden	hegel1-tabelle
Queckſilberſaͤule	Quecksilbersäule	1	residual	accept	Quecksilbersäule	cab
glaͤnzenden	glänzenden	1	residual	accept	glänzenden	cab
ſpecifiſcher	spezifischer	1	residual	accept	spezifischer	hegel2
gleichguͤltigem	gleichgültigem	1	residual	accept	gleichgültigem	cab
erhabne	erhabene	1	residual	accept	erhabene	cab
paſſenderer	passenderer	1	ss_audit	accept	passenderer	cab
verſchwaͤnde	verschwände	1	residual	accept	verschwände	cab
groͤßten	größten	1	residual	accept	größten	cab
Ueberfliegen	überfliegen	1	residual	accept	überfliegen	hegel2
Nus	Nuss	1	residual	reject	Nus	hegel1-tabelle
zuruͤckzukehren	zurückzukehren	1	residual	accept	zurückzukehren	hegel1-paare
allgemeinern	allgemeineren	1	residual	reject	allgemeinern	hegel1-tabelle
Abkuͤrzung	Abkürzung	1	residual	accept	Abkürzung	cab
verduͤnnt	verdünnt	1	residual	accept	verdünnt	cab
erkaͤnnte	erkannte	1	residual	rewrite	erkennte	hegel1-paare
Vernuͤnftigen	Vernünftigen	1	residual	accept	Vernünftigen	cab
mannichfaltigen	mannigfaltigen	1	residual	accept	mannigfaltigen	hegel1-tabelle
un„endlich	unendlich	1	residual	accept	unendlich	cab
zugehoͤrigen	zugehörigen	1	residual	accept	zugehörigen	hegel1-paare
Knotenverhaͤltniſſen	Knotenverhältnissen	1	residual	accept	Knotenverhältnissen	cab
Willkuͤhrlichem	Willkürlichem	1	residual	accept	Willkürlichem	hegel2
zugefuͤhrt	zugeführt	1	residual	accept	zugeführt	cab
conſtruirend	konstruierend	1	residual	accept	konstruierend	hegel2
einlaſſen	einlassen	1	ss_audit	accept	einlassen	cab
folgendermaſſen	folgendermaßen	1	residual	accept	folgendermaßen	hegel2
ſpecificirendes	spezifizierendes	1	residual	accept	spezifizierendes	cab
Immaterialitaͤt	Immaterialität	1	residual	accept	Immaterialität	cab
vermittelſt	vermittels	1	residual	accept	vermittels	cab
Verhaͤltnißloſes	Verhältnisloses	1	residual	accept	Verhältnisloses	hegel2
bemaͤchtigte	bemächtigte	1	residual	accept	bemächtigte	cab
Groͤßen-Verhaͤltniſſes	Größen-Verhältnisses	1	residual	accept	Größen-Verhältnisses	cab
amalgamirt	amalgamiert	1	residual	accept	amalgamiert	hegel2
Vermoͤgenszuſtande	Vermögenszustande	1	residual	accept	Vermögenszustande	cab
willkuͤhrlichen	willkürlichen	1	residual	accept	willkürlichen	hegel1-tabelle
einraͤumen	einräumen	1	residual	accept	einräumen	cab
wegzulaſſenden	wegzulassenden	1	ss_audit	accept	wegzulassenden	cab
gemaͤße	gemäße	1	residual	accept	gemäße	cab
ſpaͤterhin	späterhin	1	residual	accept	späterhin	cab
Ruͤckwaͤrtsgehen	Rückwärtsgehen	1	residual	accept	Rückwärtsgehen	cab
Auffaſſen	Auffassen	1	ss_audit	accept	Auffassen	hegel1-paare
faſſende	fassende	1	ss_audit	accept	fassende	cab
Ausdehnungskraͤfte	Ausdehnungskräfte	1	residual	accept	Ausdehnungskräfte	cab
Gluͤck	Glück	1	residual	accept	Glück	hegel1-paare
Styl	Stil	1	residual	accept	Stil	hegel2
hinlaͤnglich	hinlänglich	1	residual	accept	hinlänglich	cab
aufloͤſend	auflösend	1	residual	accept	auflösend	cab
vindiciren	vindizieren	1	residual	accept	vindizieren	hegel1-tabelle
beſtaͤtigt	bestätigt	1	residual	accept	bestätigt	hegel1-paare
zweckmaͤſig	zweckmäßig	1	residual	accept	zweckmäßig	cab
Cavalleri	Kavallerie	1	residual	reject	Cavalleri	beibehalten (keine Quelle); prüfen
zufaͤlliges	Zufälliges	1	residual	rewrite	zufälliges	hegel1-tabelle
Zuruͤckfuͤhrung	Zurückführung	1	residual	accept	Zurückführung	hegel1-paare
Rythmus	Rhythmus	1	residual	accept	Rhythmus	hegel1-paare
Fuͤr-ſich-	Für-sich-	1	residual	accept	Für-sich-	cab
loszureiſſen	loszureißen	1	residual	accept	loszureißen	cab
verlaͤßt	verläßt	1	residual	rewrite	verlässt	hegel2
kei„ne	keine	1	residual	accept	keine	cab
Vollſtaͤndigkeit	Vollständigkeit	1	residual	accept	Vollständigkeit	hegel1-paare
Dignitaͤten	Dignitäten	1	residual	accept	Dignitäten	cab
waͤhlen	wählen	1	residual	accept	wählen	hegel1-paare
Charlatanerie	Scharlatanerie	1	residual	accept	Scharlatanerie	hegel2
Qualificirende	Qualifizierende	1	residual	accept	Qualifizierende	cab
ausgeſchmuͤckten	ausgeschmückten	1	residual	accept	ausgeschmückten	cab
abhaͤngigen	abhängigen	1	residual	accept	abhängigen	hegel1-paare
beſtaͤnden	beständen	1	residual	accept	beständen	cab
dieß	dies	1	residual	accept	dies	hegel2
Aprioritaͤt	Apriorität	1	residual	accept	Apriorität	cab
Seyendenfuͤr-	Seyendenfür-	1	residual	rewrite	Seiendenfür-	mechanisch
uͤberzeugen	überzeugen	1	residual	accept	überzeugen	hegel1-paare
verſtaͤndlicheres	verständlicheres	1	residual	accept	verständlicheres	cab
rechtwinklichten	rechtwinkligen	1	residual	accept	rechtwinkligen	hegel1-tabelle
oͤfter	öfter	1	residual	accept	öfter	cab
Fortflieſſen	Fortfliessen	1	ss_audit	accept	Fortfliessen	cab
darnach	danach	1	residual	reject	darnach	hegel1-tabelle
unpaſſender	unpassender	1	ss_audit	accept	unpassender	cab
haͤngen	hängen	1	residual	accept	hängen	hegel1-paare
ſtroͤmendes	strömendes	1	residual	accept	strömendes	cab
Wieder-Andersſeyn	Wieder-Anderssein	1	ss_audit	accept	Wieder-Anderssein	cab
neblichten	nebligen	1	residual	reject	neblichten	hegel1-paare
Schluſſe	Schlusse	1	ss_audit	accept	Schlusse	hegel1-paare
uͤberfliegen	überfliegen	1	residual	accept	überfliegen	cab
Anfaͤnge	Anfänge	1	residual	accept	Anfänge	hegel1-paare
vollſtaͤndigen	vollständigen	1	residual	accept	vollständigen	hegel1-paare
Grundkraͤfte	Grundkräfte	1	residual	accept	Grundkräfte	cab
intenſivern	intensiveren	1	residual	accept	intensiveren	cab
entaͤuſſern	entäußern	1	residual	accept	entäußern	hegel1-tabelle
Formiren	Formieren	1	residual	accept	Formieren	hegel1-tabelle
Wiederhohlen	Wiederholen	1	residual	accept	Wiederholen	hegel2
beybehaͤlt	beibehält	1	residual	accept	beibehält	hegel2
Praͤdicat	Prädikat	1	residual	accept	Prädikat	hegel1-paare
verfuͤhren	verführen	1	residual	accept	verführen	hegel1-paare
Saͤttigungsfaͤhigkeit	Sättigungsfähigkeit	1	residual	accept	Sättigungsfähigkeit	cab
geknuͤpft	geknüpft	1	residual	accept	geknüpft	hegel1-paare
Anfuͤhrung	Anführung	1	residual	accept	Anführung	cab
vermoͤgen	vermögen	1	residual	accept	vermögen	hegel1-paare
Blaͤtter	Blätter	1	residual	accept	Blätter	cab
begnuͤgen	begnügen	1	residual	accept	begnügen	hegel1-paare
Fichte’ſchen	Fichteschen	1	residual	accept	Fichteschen	cab
kaͤmpfen	kämpfen	1	residual	accept	kämpfen	cab
verſpuͤren	verspüren	1	residual	accept	verspüren	cab
erkuͤhnt	erkühnt	1	residual	accept	erkühnt	cab
zuſammenſtuͤrzen	zusammenstürzen	1	residual	accept	zusammenstürzen	hegel1-paare
gelaſſenen	gelassenen	1	ss_audit	accept	gelassenen	cab
vorlaͤufigen	vorläufigen	1	residual	accept	vorläufigen	cab
Unendlich„keit	Unendlichkeit	1	residual	accept	Unendlichkeit	cab
geſtoͤrt	gestört	1	residual	accept	gestört	hegel1-paare
hoͤheres	höheres	1	residual	accept	höheres	hegel1-paare
toͤdten	töten	1	residual	accept	töten	cab
obenbeſagte	obbesagte	1	residual	accept	obbesagte	hegel2
ſelbſt-beſtimmtſeyns	Selbst-Bestimmtseins	1	residual	accept	Selbst-Bestimmtseins	cab
Bemuͤhung	Bemühung	1	residual	accept	Bemühung	hegel1-paare
vermoͤgend	vermögend	1	residual	accept	vermögend	cab
fruͤherer	früherer	1	residual	accept	früherer	cab
Gaͤhrung	Gehrung	1	residual	rewrite	Gärung	hegel1-paare
aͤngſtlichen	ängstlichen	1	residual	accept	ängstlichen	cab
weiters	weiteres	1	residual	accept	weiteres	cab
Dieſelbigkeit	Selbigkeit	1	residual	rewrite	Dieselbigkeit	hegel1-paare
demonſtrirte	demonstrierte	1	residual	accept	demonstrierte	hegel2
Definirens	Definierens	1	residual	accept	Definierens	hegel2
Eſſen	Essen	1	ss_audit	accept	Essen	cab
negirendes	negierendes	1	residual	accept	negierendes	hegel2
uͤbergehe	übergehe	1	residual	accept	übergehe	cab
Zufaͤlligkeiten	Zufälligkeiten	1	residual	accept	Zufälligkeiten	hegel1-paare
herbeyfuͤhren	herbeiführen	1	residual	accept	herbeiführen	hegel2
gegenuͤberſtellt	gegenüberstellt	1	residual	accept	gegenüberstellt	hegel1-paare
an-und-fuͤr-ſichſeyend	an-und-für-sichseyend	1	residual	rewrite	an-und-für-sichseiend	mechanisch
ergruͤndeten	ergründeten	1	residual	accept	ergründeten	cab
Hinderniſſe	Hindernisse	1	ss_audit	accept	Hindernisse	cab
Specifiſchen	Spezifischen	1	residual	accept	Spezifischen	hegel2
aͤuſſerlichem	äußerlichem	1	residual	accept	äußerlichem	hegel2
innwohnende	innewohnende	1	residual	accept	innewohnende	hegel1-tabelle
herbeyzufuͤhren	herbeizuführen	1	residual	accept	herbeizuführen	hegel2
ſubtrahirt	subtrahiert	1	residual	accept	subtrahiert	hegel2
Erddurchmeſſer	Erddurchmesser	1	ss_audit	accept	Erddurchmesser	cab
Juͤnglings	Jünglings	1	residual	accept	Jünglings	hegel1-paare
Grundkraͤften	Grundkräften	1	residual	accept	Grundkräften	cab
Spruͤche	Sprüche	1	residual	accept	Sprüche	cab
zuſammenflieſſende	zusammenfließende	1	residual	accept	zusammenfließende	hegel2
faſſet	fasset	1	ss_audit	accept	fasset	cab
qualificirtes	qualifiziertes	1	residual	accept	qualifiziertes	cab
voruͤbergehendes	vorübergehendes	1	residual	accept	vorübergehendes	cab
auffaſſen	auffassen	1	ss_audit	accept	auffassen	hegel1-paare
aͤhnliche	ähnliche	1	residual	accept	ähnliche	cab
ſpecifiſchem	spezifischem	1	residual	accept	spezifischem	hegel2
Staͤtige	stetige	1	residual	accept	stetige	hegel2
Nichtanalyſirbares	Nicht_Analysierbares	1	residual	accept	Nicht_Analysierbares	cab
wuͤchſe	wüchse	1	residual	accept	wüchse	cab
privativum	Privativum	1	residual	accept	Privativum	cab
Moͤglichkeiten	Möglichkeiten	1	residual	accept	Möglichkeiten	cab
lemmatiſch	Lemmatisch	1	residual	accept	Lemmatisch	hegel2
Vor„ſtellen	Vorstellen	1	residual	accept	Vorstellen	cab
Naturkenntniß	Naturkenntnis	1	residual	accept	Naturkenntnis	cab
Beſchaſſenheit	Beschossenheit	1	residual	accept	Beschossenheit	cab
Kohaͤſion	Kohäsion	1	residual	accept	Kohäsion	hegel1-paare
ungenuͤgend	ungenügend	1	residual	accept	ungenügend	cab
lemmatiſcherweiſe	Lemmatischerweise	1	residual	accept	Lemmatischerweise	hegel2
Quantitaͤts-Beſtimmung	Quantitäts-Bestimmung	1	residual	accept	Quantitäts-Bestimmung	cab
geſchwaͤcht	geschwächt	1	residual	accept	geschwächt	cab
Hoͤhere	Höhere	1	residual	accept	Höhere	cab
Centrum	Zentrum	1	residual	accept	Zentrum	hegel1-tabelle
Richts	Rechts	1	residual	accept	Rechts	cab
ſtraͤuben	sträuben	1	residual	accept	sträuben	cab
flieſſen	fließen	1	residual	accept	fließen	hegel1-tabelle
abgeloͤst	abgelöst	1	residual	accept	abgelöst	cab
exiſtiren	existieren	1	residual	accept	existieren	hegel1-tabelle
Auſſer-ſichkommen	Ausser-sichkommen	1	ss_audit	accept	Ausser-sichkommen	cab
gelaͤutertſte	geläutertste	1	residual	accept	geläutertste	cab
Gemuͤthserhebung	Gemütserhebung	1	residual	accept	Gemütserhebung	hegel2
Selbſtproduciren	Selbstproduzieren	1	residual	accept	Selbstproduzieren	hegel2
enthuͤllen	enthüllen	1	residual	accept	enthüllen	cab
Staͤubchen	Stäubchen	1	residual	accept	Stäubchen	hegel1-paare
verkuͤrzen	verkürzen	1	residual	accept	verkürzen	cab
Heruͤbergehen	Herübergehen	1	residual	accept	Herübergehen	cab
zuruͤckfuͤhrt	zurückführt	1	residual	accept	zurückführt	cab
Maaßbeſtimmendes	Maßbestimmendes	1	residual	accept	Maßbestimmendes	cab
befaͤnden	befänden	1	residual	accept	befänden	cab
unangemeſſen	unangemessen	1	ss_audit	accept	unangemessen	hegel1-paare
uͤberfluͤſſigerweiſe	überflüssigerweise	1	residual	accept	überflüssigerweise	hegel1-paare
paſſiren	passieren	1	residual	accept	passieren	hegel1-paare
Erddurchmeſſers	Erddurchmessers	1	ss_audit	accept	Erddurchmessers	cab
Verhaͤltniß-	Verhältniß-	1	residual	rewrite	Verhältnis-	cab
Zwiſchenverhaͤltniſſe	Zwischenverhältnisse	1	residual	accept	Zwischenverhältnisse	cab
abzu„ſehen	abzusehen	1	residual	accept	abzusehen	cab
loͤſen	lösen	1	residual	accept	lösen	hegel1-paare
Phaͤnomens	Phänomens	1	residual	accept	Phänomens	cab
Goͤttliche	Göttliche	1	residual	accept	Göttliche	hegel1-paare
geringfuͤgigen	geringfügigen	1	residual	accept	geringfügigen	cab
Laͤnge	Länge	1	residual	accept	Länge	hegel1-paare
ſchmaͤlerer	schmalerer	1	residual	accept	schmalerer	hegel2
Zufaͤlligem	Zufälligem	1	residual	accept	Zufälligem	cab
uͤberwiegende	überwiegende	1	residual	accept	überwiegende	cab
Prattiſch-populaͤre	Praktisch-Populäre	1	residual	accept	Praktisch-Populäre	cab
widerfaͤhrt	widerfährt	1	residual	accept	widerfährt	hegel1-paare
bekuͤmmern	bekümmern	1	residual	accept	bekümmern	cab
verſchaft	verschafft	1	residual	accept	verschafft	hegel2
ausdruͤkken	ausdrücken	1	residual	accept	ausdrücken	cab
herbeygefuͤhrt	herbeigeführt	1	residual	accept	herbeigeführt	hegel2
heruͤber-	herüber-	1	residual	accept	herüber-	cab
Misverſtande	Missverstand	1	residual	accept	Missverstand	cab
Maaßverhaͤltniſſen	Maßverhältnissen	1	residual	accept	Maßverhältnissen	hegel2
faͤrben	färben	1	residual	accept	färben	cab
zuſammendraͤngt	zusammendrängt	1	residual	accept	zusammendrängt	cab
gewoͤhnlicher	gewöhnlicher	1	residual	accept	gewöhnlicher	cab
guͤltige	gültige	1	residual	accept	gültige	hegel1-paare
Andrerſeits	Andererseits	1	residual	accept	Andererseits	cab
Beckanntes	Bekanntes	1	residual	accept	Bekanntes	cab
beduͤrfte	bedürfte	1	residual	accept	bedürfte	cab
Weglaſſungen	Weglassungen	1	ss_audit	accept	Weglassungen	cab
unveraͤndert	unverändert	1	residual	accept	unverändert	hegel1-paare
Maͤrz	März	1	residual	accept	März	cab
begruͤndete	begründete	1	residual	accept	begründete	hegel1-paare
Kunſtgebaͤude	Kunstgebäude	1	residual	accept	Kunstgebäude	cab
Annaͤherung	Annäherung	1	residual	accept	Annäherung	cab
gemeſſen	gemessen	1	ss_audit	accept	gemessen	cab
zukoͤmme	zukomme	1	residual	accept	zukomme	cab
Abgeſtoſſenen	Abgestossenen	1	ss_audit	accept	Abgestossenen	cab
Vorwaͤrtsſchreiten	Vorwärtsschreiten	1	residual	accept	Vorwärtsschreiten	cab
hinuͤbergehenden	hinübergehenden	1	residual	accept	hinübergehenden	cab
Einſchraͤnkung	Einschränkung	1	residual	accept	Einschränkung	cab
Quantitaͤts-Verhaͤltniſſen	Quantitäts-Verhältnissen	1	residual	accept	Quantitäts-Verhältnissen	cab
ſeh	sehe	1	residual	accept	sehe	cab
Schaͤtzung	Schätzung	1	residual	accept	Schätzung	cab
ungeſchmaͤlert	ungeschmälert	1	residual	accept	ungeschmälert	cab
gruͤndlichern	gründlicheren	1	residual	accept	gründlicheren	cab
weglaſſen	weglassen	1	ss_audit	accept	weglassen	hegel1-paare
Groͤſſere	Größere	1	residual	accept	Größere	cab
auſſereinanderſeyendes	aussereinanderseyendes	1	ss_audit	rewrite	außereinanderseiendes	hegel2
Senſibilitaͤt	Sensibilität	1	residual	accept	Sensibilität	hegel1-paare
Anundfuͤrſich-Seyns	Anundfürsich-Seyns	1	residual	rewrite	Anundfürsich-Seins	mechanisch
ſchaͤtzen	schätzen	1	residual	accept	schätzen	cab
andrem	anderem	1	residual	reject	andrem	hegel1-paare
geſchloſſene	geschlossene	1	ss_audit	accept	geschlossene	cab
entreiſſen	entreißen	1	residual	accept	entreißen	hegel2
tavtologiſch	tautologisch	1	residual	accept	tautologisch	hegel1-paare
uͤbergehendes	übergehendes	1	residual	accept	übergehendes	cab
An-und-fuͤrſich-ſeyendes	An-und-fürsich-seyendes	1	residual	rewrite	An-und-fürsich-seiendes	mechanisch
er„liegt	erliegt	1	residual	accept	erliegt	cab
eingeſchloſſen	eingeschlossen	1	ss_audit	accept	eingeschlossen	hegel1-tabelle
lehre	Lehre	1	residual	accept	Lehre	hegel2
vorwaͤrts	vorwärts	1	residual	accept	vorwärts	hegel1-paare
preißt	preist	1	residual	accept	preist	hegel2
erſtenmale	erstenmal	1	residual	accept	erstenmal	cab
Salpeterſaͤuren	Salpetersäuren	1	residual	accept	Salpetersäuren	cab
truͤbe	trübe	1	residual	accept	trübe	hegel1-paare
kaͤme	käme	1	residual	accept	käme	hegel1-paare
Raum-Quantitaͤt	Raum-Quantität	1	residual	accept	Raum-Quantität	cab
aͤuſſerem	äußerem	1	residual	accept	äußerem	hegel2
hinzugefuͤgt	hinzugefügt	1	residual	accept	hinzugefügt	cab
fuͤrſichſeyendes	für-sich-seiendes	1	residual	rewrite	fürsichseiendes	hegel1-tabelle
pruͤfen	prüfen	1	residual	accept	prüfen	cab
aufloͤſendes	auflösendes	1	residual	accept	auflösendes	hegel1-paare
hineingezwaͤngt	hineingezwängt	1	residual	accept	hineingezwängt	cab
Fluͤſſigkeiten	Flüssigkeiten	1	residual	accept	Flüssigkeiten	cab
fortwaͤhrendes	fortwährendes	1	residual	accept	fortwährendes	cab
Erweiße	Erweise	1	residual	accept	Erweise	hegel2
wieſes	wiese	1	residual	accept	wiese	cab
Ruͤckblick	Rückblick	1	residual	accept	Rückblick	cab
Wiſſenſchaftlichkeit	Wissenschaftlichkeit	1	ss_audit	accept	Wissenschaftlichkeit	hegel1-tabelle
fruͤhe	frühe	1	residual	accept	frühe	cab
Spruͤnge	Sprünge	1	residual	accept	Sprünge	cab
Verhaͤltniß-Beſtimmung	Verhältnis-Bestimmung	1	residual	accept	Verhältnis-Bestimmung	cab
Verknuͤpfungen	Verknüpfungen	1	residual	accept	Verknüpfungen	cab
uͤbergegangene	übergegangene	1	residual	accept	übergegangene	cab
attrahirtes	attrahiertes	1	residual	accept	attrahiertes	cab
Be„wegung	Bewegung	1	residual	accept	Bewegung	cab
Duͤrftigkeit	Dürftigkeit	1	residual	accept	Dürftigkeit	cab
unvernuͤnftige	unvernünftige	1	residual	accept	unvernünftige	cab
realiſirten	realisierten	1	residual	accept	realisierten	hegel2
Gegenwaͤrtiges	Gegenwärtiges	1	residual	accept	Gegenwärtiges	cab
Mistrauen	Misstrauen	1	residual	accept	Misstrauen	hegel2
entferntern	entfernteren	1	residual	accept	entfernteren	cab
ſtaͤtigen	stetigen	1	residual	accept	stetigen	hegel2
verfloſſener	verflossener	1	ss_audit	accept	verflossener	cab
Progreßes	Progresses	1	residual	accept	Progresses	hegel2
zuruͤkgeflohen	zurückgeflohen	1	residual	accept	zurückgeflohen	hegel2
Verhaͤltnißglieder	Verhältnisglieder	1	residual	accept	Verhältnisglieder	hegel2
Einfachern	Einfacheren	1	residual	accept	Einfacheren	cab
geſaßt	gefaßt	1	residual	accept	gefaßt	cab
Wiſſenſchaftslehre	Wissenschaftslehre	1	ss_audit	accept	Wissenschaftslehre	cab
factiſch	faktisch	1	residual	accept	faktisch	hegel2
Naturwiſſenſchaft	Naturwissenschaft	1	ss_audit	accept	Naturwissenschaft	cab
Staͤbchen	Stäbchen	1	residual	accept	Stäbchen	cab
Fuͤhlens	Fühlens	1	residual	accept	Fühlens	hegel1-paare
kaͤnnte	kennte	1	residual	accept	kennte	hegel2
multiplicirt	multipliziert	1	residual	accept	multipliziert	hegel2
Kalkuliren	Kalkulieren	1	residual	accept	Kalkulieren	cab
ſubjectiv-logiſchen	subjektiv-logischen	1	residual	accept	subjektiv-logischen	cab
aͤnderte	änderte	1	residual	accept	änderte	hegel1-paare
Toͤne	Töne	1	residual	accept	Töne	hegel1-paare
reflektirte	reflektierte	1	residual	accept	reflektierte	cab
gegenwaͤrtige	gegenwärtige	1	residual	accept	gegenwärtige	hegel1-paare
beſſeres	besseres	1	ss_audit	accept	besseres	cab
Schlieſſens	Schließens	1	residual	accept	Schließens	hegel2
proteſtirt	protestiert	1	residual	accept	protestiert	hegel2
zuruͤckſtehende	zurückstehende	1	residual	accept	zurückstehende	cab
Repellirens	Rebellierens	1	residual	accept	Rebellierens	cab
hievon	hiervon	1	residual	accept	hiervon	hegel1-tabelle
zuruͤckgenommene	zurückgenommene	1	residual	accept	zurückgenommene	hegel1-paare
Maaßbeziehung	Maßbeziehung	1	residual	accept	Maßbeziehung	hegel2
empfaͤngt	empfängt	1	residual	accept	empfängt	hegel1-paare
charakteriſiren	charakterisieren	1	residual	accept	charakterisieren	hegel2
beſſer	besser	1	ss_audit	accept	besser	hegel1-tabelle
Zuſammen„geſetzten	Zusammengesetzten	1	residual	accept	Zusammengesetzten	cab
Haͤtte	Hätte	1	residual	accept	Hätte	hegel1-paare
negirende	negierende	1	residual	accept	negierende	hegel1-paare
Henas	Hennas	1	residual	accept	Hennas	hegel2
Meſſung	Messung	1	ss_audit	accept	Messung	hegel1-paare
ungeraͤchte	ungerächte	1	residual	accept	ungerächte	cab
unabhaͤngiger	unabhängiger	1	residual	accept	unabhängiger	cab
unſtaͤte	unstete	1	residual	accept	unstete	hegel2
maaßloſe	maßlose	1	residual	accept	maßlose	cab
Schoͤpfung	Schöpfung	1	residual	accept	Schöpfung	cab
Erklaͤrungen	Erklärungen	1	residual	accept	Erklärungen	hegel1-paare
Beſchraͤnkung	Beschränkung	1	residual	accept	Beschränkung	hegel1-paare
Anfoderung	Anforderung	1	residual	accept	Anforderung	hegel2
Anſichbeſtimmtſeyns	Ansichbestimmtseyns	1	cab_unnormalized	rewrite	Ansichbestimmtseins	mechanisch
Andreswerden	Anderswerden	1	residual	accept	Anderswerden	cab
ſtraͤubt	sträubt	1	residual	accept	sträubt	hegel1-paare
uͤbergebliebenen	übergebliebenen	1	residual	accept	übergebliebenen	cab
uͤberhebt	überhebt	1	residual	accept	überhebt	hegel1-paare
vollfuͤhren	vollführen	1	residual	accept	vollführen	cab
ſummirt	summiert	1	residual	accept	summiert	hegel2
vervollſtaͤndigen	vervollständigen	1	residual	accept	vervollständigen	cab
unwiſſenſchaftlich	unwissenschaftlich	1	ss_audit	accept	unwissenschaftlich	hegel1-paare
Hinuͤbergehen	Hinübergehen	1	residual	accept	Hinübergehen	cab
todte	tote	1	residual	accept	tote	hegel1-tabelle
negirten	negierten	1	residual	accept	negierten	hegel2
progreſſiven	progressiven	1	ss_audit	accept	progressiven	cab
reflectirterer	reflektierterer	1	residual	accept	reflektierterer	hegel2
ausuͤben	ausüben	1	residual	accept	ausüben	hegel1-paare
fuͤr-ſich-ſeyenden	für-sich-seyenden	1	residual	rewrite	für-sich-seienden	mechanisch
aͤuſſerſte	äußerste	1	residual	accept	äußerste	hegel2
ſi	sie	1	residual	accept	sie	cab
Gruͤnde	Gründe	1	residual	accept	Gründe	hegel1-paare
laſſe	lasse	1	ss_audit	accept	lasse	cab
Maͤngeln	Mängeln	1	residual	accept	Mängeln	cab
hinausfuͤhrt	hinausführt	1	residual	accept	hinausführt	cab
naͤherer	näherer	1	residual	accept	näherer	cab
Bruͤche	Brüche	1	residual	accept	Brüche	cab
Verknuͤpften	Verknüpften	1	residual	accept	Verknüpften	cab
bewundernswuͤrdig	bewundernswürdig	1	residual	accept	bewundernswürdig	cab
unnoͤthig	unnötig	1	residual	accept	unnötig	hegel1-paare
auf„gehoben	aufgehoben	1	residual	accept	aufgehoben	cab
Unterſchiedne	Unterschiedene	1	residual	rewrite	Unterschiedne	hegel1-tabelle
einfachgewordene	einfach_gewordene	1	residual	accept	einfach_gewordene	cab
uͤberſteigt	übersteigt	1	residual	accept	übersteigt	cab
gelaͤufig	geläufig	1	residual	accept	geläufig	cab
zufaͤlligerweiſe	zufälligerweise	1	residual	accept	zufälligerweise	hegel1-paare
genaͤhert	genähert	1	residual	accept	genähert	hegel1-paare
Verknuͤpftes	Verknüpftes	1	residual	accept	Verknüpftes	cab
fuͤr-ſich-ſeyendes	für-sich-seyendes	1	residual	rewrite	für-sich-seiendes	mechanisch
Repulſivkraͤfte	Repulsivkräfte	1	residual	accept	Repulsivkräfte	cab
Vergroͤßerung	Vergrößerung	1	residual	accept	Vergrößerung	cab
fruͤhere	frühere	1	residual	accept	frühere	hegel1-paare
gegenuͤbergeſtellt	gegenübergestellt	1	residual	accept	gegenübergestellt	cab
reagirende	reagierende	1	residual	accept	reagierende	hegel2
formirt	formiert	1	residual	accept	formiert	hegel2
beſſere	bessere	1	ss_audit	accept	bessere	hegel1-paare
ſchwaͤchere	schwächere	1	residual	accept	schwächere	hegel1-paare
voͤlligen	völligen	1	residual	accept	völligen	hegel1-paare
fuͤrſich-ſeyende	fürsich-seyende	1	residual	rewrite	fürsich-seiende	mechanisch
Gebaͤudes	Gebäudes	1	residual	accept	Gebäudes	cab
Intellectualanſicht	Intellektualansicht	1	residual	accept	Intellektualansicht	hegel2
uͤberzugehen	überzugehen	1	residual	accept	überzugehen	hegel1-paare
realiſiren	realisieren	1	residual	accept	realisieren	hegel1-tabelle
praͤſentirt	präsentiert	1	residual	accept	präsentiert	hegel1-paare
gefuͤhrt	geführt	1	residual	accept	geführt	hegel1-paare
Verhaͤlt„niß	Verhältnis	1	residual	accept	Verhältnis	cab
Seegens	Segens	1	residual	accept	Segens	hegel2
getruͤbten	getrübten	1	residual	accept	getrübten	cab
kuͤrzeſte	kürzeste	1	residual	accept	kürzeste	cab
Beſchraͤnktheit	Beschränktheit	1	residual	accept	Beschränktheit	cab
faͤnde	fände	1	residual	accept	fände	hegel1-paare
Natur-Wiſſenſch.	Natur-Wissensch.	1	ss_audit	accept	Natur-Wissensch.	cab
betrachtungswuͤrdige	betrachtungswürdige	1	residual	accept	betrachtungswürdige	cab
unwuͤrdig	unwürdig	1	residual	accept	unwürdig	hegel1-paare
Thoncylinder	Thonzylinder	1	residual	accept	Thonzylinder	hegel2
Wiederhohlbarkeit	Wiederholbarkeit	1	residual	accept	Wiederholbarkeit	cab
Beſtim„mung	Bestimmung	1	residual	accept	Bestimmung	cab
Aeltern	Eltern	1	residual	accept	Eltern	hegel2
Zuruͤckerinnerung	Zurückerinnerung	1	residual	accept	Zurückerinnerung	cab
anundfuͤrſich	anundfürsich	1	residual	accept	anundfürsich	cab
zuſammenſtuͤrzte	zusammenstürzte	1	residual	accept	zusammenstürzte	cab
Inſichſeyende	Insichseyende	1	cab_unnormalized	rewrite	Insichseiende	hegel2
Newtoniſche	Neutonische	1	residual	accept	Neutonische	hegel2
Endlihen	Endlichen	1	residual	accept	Endlichen	cab
Gaͤlten	Gälten	1	residual	accept	Gälten	cab
geſchikt	geschickt	1	residual	accept	geschickt	cab
Zehente	Zehnte	1	residual	accept	Zehnte	cab
continuirenden	kontinuierenden	1	residual	accept	kontinuierenden	hegel2
ſchwaͤcher	schwächer	1	residual	accept	schwächer	hegel1-paare
Verhaͤltniße	Verhältnisse	1	residual	accept	Verhältnisse	hegel2
Feindſeeligkeit	Feindseligkeit	1	residual	accept	Feindseligkeit	hegel2
uͤberwiegend	überwiegend	1	residual	accept	überwiegend	cab
umzuſtoſſen	umzustoßen	1	residual	accept	umzustoßen	hegel2
truͤbte	trübte	1	residual	accept	trübte	cab
eingefuͤhrt	eingeführt	1	residual	accept	eingeführt	cab
natuͤrlich	natürlich	1	residual	accept	natürlich	hegel1-paare
hartnaͤckigſten	hartnäckigsten	1	residual	accept	hartnäckigsten	cab
reitzen	reizen	1	residual	accept	reizen	hegel2
ausgeſchloſſene	ausgeschlossene	1	ss_audit	accept	ausgeschlossene	hegel1-paare
Curvenverhaͤltniß	Kurvenverhältnis	1	residual	accept	Kurvenverhältnis	hegel2
beruͤckſichtigt	berücksichtigt	1	residual	accept	berücksichtigt	cab
Durchmeſſung	Durchmessung	1	ss_audit	accept	Durchmessung	cab
geſammten	gesamten	1	residual	accept	gesamten	hegel1-paare
unverruͤkt	unverrückt	1	residual	accept	unverrückt	hegel1-paare
Auſſerſichkommens	Aussersichkommens	1	ss_audit	accept	Aussersichkommens	cab
Noͤthige	Nötige	1	residual	accept	Nötige	hegel2
verſchmaͤht	verschmäht	1	residual	accept	verschmäht	hegel1-paare
Unvermoͤgenheit	Unvermögenheit	1	residual	accept	Unvermögenheit	hegel1-paare
zuruͤckgegangene	zurückgegangene	1	residual	accept	zurückgegangene	hegel1-paare
Veraͤnderliche	Veränderliche	1	residual	accept	Veränderliche	cab
fodere	fordere	1	residual	accept	fordere	hegel2
Veraͤnderlichkeit	Veränderlichkeit	1	residual	accept	Veränderlichkeit	cab
Aeuſſerlichwerden	Äusserlichwerden	1	residual	accept	Äusserlichwerden	mechanisch
zweytauſendjaͤhriges	zweitausendjähriges	1	residual	accept	zweitausendjähriges	hegel2
weitlaͤufig	weitläufig	1	residual	accept	weitläufig	cab
gluͤcklich	glücklich	1	residual	accept	glücklich	hegel1-paare
Raͤume	Räume	1	residual	accept	Räume	cab
gebaͤhre	gebäre	1	residual	accept	gebäre	hegel2
Waͤrmegrad	Wärmegrad	1	residual	accept	Wärmegrad	cab
uͤber„dem	überdem	1	residual	accept	überdem	cab
paͤdagogiſche	pädagogische	1	residual	accept	pädagogische	cab
Mannichfaltiges	Mannigfaltiges	1	residual	accept	Mannigfaltiges	hegel2
ſchaal	schal	1	residual	accept	schal	hegel1-paare
eigenthuͤmliches	eigentümliches	1	residual	accept	eigentümliches	hegel1-paare
An„fang	Anfang	1	residual	accept	Anfang	cab
gaͤng	Gang	1	residual	accept	Gang	hegel2
Begruͤndung	Begründung	1	residual	accept	Begründung	hegel1-paare
zu„faͤllige	zufällige	1	residual	accept	zufällige	cab
Beruͤhrung	Berührung	1	residual	accept	Berührung	hegel1-paare
Faſſen	Fassen	1	ss_audit	accept	Fassen	cab
Hallerſche	Hallesche	1	residual	accept	Hallesche	hegel2
Zuruͤckgekehrtſeyns	Zurückgekehrtseins	1	residual	accept	Zurückgekehrtseins	hegel2
‒	-	1	residual	reject	‒	hegel1-tabelle
Hauptuͤbergang	Hauptübergang	1	residual	accept	Hauptübergang	cab
einemmahle	einemmal	1	residual	rewrite	einemmale	hegel1-paare
verknuͤpft	verknüpft	1	residual	accept	verknüpft	hegel1-paare
durchgaͤngiger	durchgängiger	1	residual	accept	durchgängiger	cab
Specificationen	Spezifikationen	1	residual	accept	Spezifikationen	hegel2
Scheingeruͤſte	Scheingerüste	1	residual	accept	Scheingerüste	cab
Auffuͤhrung	Aufführung	1	residual	accept	Aufführung	cab
Ueberſetzung	Übersetzung	1	residual	accept	Übersetzung	hegel2
gequaͤlten	gequälten	1	residual	accept	gequälten	cab
An-undfuͤr-ſich-Seyn	An-undfür-sich-Seyn	1	residual	rewrite	An-undfür-sich-Sein	mechanisch
Fuͤreines-ſeyns	Füreines-seyns	1	residual	rewrite	Füreines-seins	mechanisch
ei„nem	einem	1	residual	accept	einem	cab
Anknuͤpfungspunkte	Anknüpfungspunkte	1	residual	accept	Anknüpfungspunkte	cab
Staͤtigkeiten	Stetigkeiten	1	residual	accept	Stetigkeiten	hegel2
Erkenntnißvermoͤgen	Erkenntnisvermögen	1	residual	accept	Erkenntnisvermögen	hegel2
Seyus	Seyus	1	cab_unnormalized	rewrite	Seius	mechanisch
Hieher	Hierher	1	residual	accept	Hierher	hegel1-paare
fuͤnf	fünf	1	residual	accept	fünf	cab
ſtuͤnden	stünden	1	residual	accept	stünden	hegel1-paare
geriſſen	gerissen	1	ss_audit	accept	gerissen	cab
Einwuͤrfen	Einwürfen	1	residual	accept	Einwürfen	cab
unterſchiedne	unterschiedene	1	residual	rewrite	unterschiedne	hegel1-tabelle
tranſcendentalerweiſe	transzendentalerweise	1	residual	accept	transzendentalerweise	hegel2
Angemeſſenheit	Angemessenheit	1	ss_audit	accept	Angemessenheit	hegel1-paare
Spaͤterhin	Späterhin	1	residual	accept	Späterhin	cab
ſummirbar	summierbar	1	residual	accept	summierbar	hegel2
Negirtſeyn	Negiertsein	1	residual	accept	Negiertsein	hegel2
fortgeſchloſſen	fortgeschlossen	1	ss_audit	accept	fortgeschlossen	cab
auffaͤllt	auffällt	1	residual	accept	auffällt	cab
fortgefuͤhrt	fortgeführt	1	residual	accept	fortgeführt	hegel1-paare
paͤdagogiſches	pädagogisches	1	residual	accept	pädagogisches	cab
Misbraͤuchen	Missbräuchen	1	residual	accept	Missbräuchen	hegel2
negirte	negierte	1	residual	accept	negierte	hegel1-paare
beygefuͤgt	beigefügt	1	residual	accept	beigefügt	hegel2
giebt	gibt	1	residual	accept	gibt	hegel1-paare
faͤhige	fähige	1	residual	accept	fähige	hegel1-paare
Zahlen-Verhaͤltniß	Zahlen-Verhältnis	1	residual	accept	Zahlen-Verhältnis	cab
Vergeſſenheit	Vergessenheit	1	ss_audit	accept	Vergessenheit	hegel1-tabelle
Decimalſyſtems	Dezimalsystems	1	residual	accept	Dezimalsystems	hegel2
Stuͤnde	Stünde	1	residual	accept	Stünde	cab
Naturmaaße	Naturmaße	1	residual	accept	Naturmaße	hegel2
beduͤrfen	bedürfen	1	residual	accept	bedürfen	hegel1-paare
angehoͤre	angehöre	1	residual	accept	angehöre	hegel1-paare
Ruͤckſchlag	Rückschlag	1	residual	accept	Rückschlag	cab
zuruͤkgefallen	zurückgefallen	1	residual	accept	zurückgefallen	hegel2
Maaßverhaͤltniſſes	Maßverhältnisses	1	residual	accept	Maßverhältnisses	hegel2
wefentlich	wesentlich	1	residual	accept	wesentlich	cab
repellirenden	rebellierenden	1	residual	accept	rebellierenden	hegel2
addirt	addiert	1	residual	accept	addiert	hegel2
paͤdagogiſcher	pädagogischer	1	residual	accept	pädagogischer	cab
Auf„hebung	Aufhebung	1	residual	accept	Aufhebung	cab
Dyas	Dias	1	residual	accept	Dias	hegel2
Haͤnde	Hände	1	residual	accept	Hände	cab
Umaͤnderung	Umänderung	1	residual	accept	Umänderung	cab
ſortiren	sortieren	1	residual	accept	sortieren	hegel2
Zuruͤckrufung	Zurückrufung	1	residual	accept	Zurückrufung	cab
zuſammenfaͤllt	zusammenfällt	1	residual	accept	zusammenfällt	hegel1-paare
Syſtematiſirung	Systematisierung	1	residual	accept	Systematisierung	hegel2
Erfahrungsſaͤtzen	Erfahrungssätzen	1	residual	accept	Erfahrungssätzen	cab
Vortreflichkeit	Vortrefflichkeit	1	residual	accept	Vortrefflichkeit	hegel2
Ueberlieferung	Überlieferung	1	residual	accept	Überlieferung	hegel2
getruͤbte	getrübte	1	residual	accept	getrübte	cab
gegenſtaͤndliche	gegenständliche	1	residual	accept	gegenständliche	hegel1-paare
getaͤuſcht	getäuscht	1	residual	accept	getäuscht	hegel1-paare
oͤfters	öfters	1	residual	accept	öfters	cab
oh„ne	ohne	1	residual	accept	ohne	cab
heiſſe	heiße	1	residual	accept	heiße	hegel1-paare
ohnediß	ohnedies	1	residual	accept	ohnedies	hegel2
Nichtidentitaͤt	Nichtidentität	1	residual	accept	Nichtidentität	hegel1-paare
qualificirende	qualifizierende	1	residual	accept	qualifizierende	cab
Nemlich	Nämlich	1	residual	accept	Nämlich	hegel1-tabelle
Quantitaͤts-Verhaͤltniß	Quantitäts-Verhältnis	1	residual	accept	Quantitäts-Verhältnis	cab
erwaͤrmt	erwärmt	1	residual	accept	erwärmt	cab
Klaſſificirens	Klassifizierens	1	residual	accept	Klassifizierens	hegel2
Zuruͤckgehen	Zurückgehen	1	residual	accept	Zurückgehen	hegel1-paare
Naturverhaͤltniſſen	Naturverhältnissen	1	residual	accept	Naturverhältnissen	cab
populaͤre	populäre	1	residual	accept	populäre	cab
thaͤtig	tätig	1	residual	accept	tätig	hegel1-paare
abgeſchloſſene	abgeschlossene	1	ss_audit	accept	abgeschlossene	cab
Regativitaͤt	Regativität	1	residual	accept	Regativität	cab
geringern	geringeren	1	residual	reject	geringern	hegel1-paare
einzufuͤhren	einzuführen	1	residual	accept	einzuführen	cab
paſſen	passen	1	ss_audit	accept	passen	cab
Naͤhere	Nähere	1	residual	accept	Nähere	cab
unaufloͤsbar	unauflösbar	1	residual	accept	unauflösbar	cab
Schlußes	Schlusses	1	residual	accept	Schlusses	hegel2
Ausgeſchloſſenen	Ausgeschlossenen	1	ss_audit	accept	Ausgeschlossenen	cab
An-ſichſeyn	Ansichsein	1	residual	accept	Ansichsein	cab
ſtaͤtige	stetige	1	residual	accept	stetige	hegel2
Quantitaͤtsmoments	Quantitätsmoments	1	residual	accept	Quantitätsmoments	cab
potenzirte	potenzierte	1	residual	accept	potenzierte	cab
beſchaͤftigende	beschäftigende	1	residual	accept	beschäftigende	cab
Hoͤh	Höhe	1	residual	accept	Höhe	cab
in-ſichſeyende	in-sichseyende	1	cab_unnormalized	rewrite	in-sichseiende	mechanisch
ſtaͤrkerem	stärkerem	1	residual	accept	stärkerem	cab
Sphaͤren	Sphären	1	residual	accept	Sphären	hegel1-paare
Newtoniſcher	Neutonischer	1	residual	accept	Neutonischer	cab
Parentheſi	Parenthese	1	residual	accept	Parenthese	cab
heitre	heitere	1	residual	accept	heitere	cab
Vorwaͤrtsgehen	Vorwärtsgehen	1	residual	accept	Vorwärtsgehen	cab
Anziehungsſphaͤre	Anziehungssphäre	1	residual	accept	Anziehungssphäre	cab
Vervollſtaͤndigung	Vervollständigung	1	residual	accept	Vervollständigung	hegel1-paare
Verhaͤltnißexponent	Verhältnisexponent	1	residual	accept	Verhältnisexponent	hegel2
beygemeſſen	beigemessen	1	ss_audit	accept	beigemessen	hegel2
Urſpruͤnglichen	Ursprünglichen	1	residual	accept	Ursprünglichen	cab
Begruͤnden	Begründen	1	residual	accept	Begründen	cab
Groͤßenbeſtimmungen	Größenbestimmungen	1	residual	accept	Größenbestimmungen	cab
an-ſichſeyende	ansichseiende	1	residual	accept	ansichseiende	cab
Ty„ranney	Tyrannei	1	residual	accept	Tyrannei	cab
anderm	anderem	1	residual	reject	anderm	hegel1-paare
kaliſchen	kalischen	1	residual	accept	kalischen	hegel2
Allmaͤhligen	Allmählichen	1	residual	accept	Allmählichen	hegel2
Deſſen	Dessen	1	ss_audit	accept	Dessen	cab
verbeſſert	verbessert	1	ss_audit	accept	verbessert	hegel1-paare
herbeyfuͤhrt	herbeiführt	1	residual	accept	herbeiführt	hegel2
Saͤttigungs-Geſetze	Sättigungs-Gesetze	1	residual	accept	Sättigungs-Gesetze	cab
finnliche	sinnliche	1	residual	reject	finnliche	beibehalten (keine Quelle); prüfen
unterdruͤcken	unterdrücken	1	residual	accept	unterdrücken	hegel1-paare
Zuruͤckweiſung	Zurückweisung	1	residual	accept	Zurückweisung	cab
Denkverhaͤltniſſe	Denkverhältnisse	1	residual	accept	Denkverhältnisse	cab
unerfuͤllten	unerfüllten	1	residual	accept	unerfüllten	hegel1-paare
Ueberzeugung	Überzeugung	1	residual	accept	Überzeugung	hegel1-tabelle
Talismann	Talisman	1	residual	accept	Talisman	cab
ſichern	sicheren	1	residual	accept	sicheren	cab
Potenzen-Verhaͤltniß	Potenzen-Verhältnis	1	residual	accept	Potenzen-Verhältnis	cab
Reflectirte	Reflektierte	1	residual	accept	Reflektierte	hegel2
umſchlieſſenden	umschließenden	1	residual	accept	umschließenden	hegel1-paare
ſiehenden	siechenden	1	residual	accept	siechenden	cab
ausfuͤhrlicher	ausführlicher	1	residual	accept	ausführlicher	cab
abſtractern	abstrakteren	1	residual	accept	abstrakteren	hegel2
Rein-vernuͤnftige	Rein-vernünftige	1	residual	accept	Rein-vernünftige	cab
paralyſiren	paralysieren	1	residual	accept	paralysieren	hegel2
beduͤrfe	bedürfe	1	residual	accept	bedürfe	cab
zuſammenhaͤngende	zusammenhängende	1	residual	accept	zusammenhängende	cab
verfloſſenen	verflossenen	1	ss_audit	accept	verflossenen	hegel1-paare
reagirt	reagiert	1	residual	accept	reagiert	hegel2
Gemaͤßheit	Gemäßheit	1	residual	accept	Gemäßheit	cab
auſſerweſentlichen	außerwesentlichen	1	residual	accept	außerwesentlichen	hegel2
vernachlaͤſſigen	vernachlässigen	1	residual	accept	vernachlässigen	cab
Ueberſicht	Übersicht	1	residual	accept	Übersicht	hegel1-paare
beſchloſſenes	beschlossenes	1	ss_audit	accept	beschlossenes	cab
ſtaͤtiger	stetiger	1	residual	accept	stetiger	hegel2
zerfloſſen	zerflossen	1	ss_audit	accept	zerflossen	cab
unpaſſende	unpassende	1	ss_audit	accept	unpassende	cab
Kunſtſtuͤck	Kunststück	1	residual	accept	Kunststück	cab
Potenziren	Potenzieren	1	residual	accept	Potenzieren	hegel2
Zuruͤckkehren	Zurückkehren	1	residual	accept	Zurückkehren	cab
hoͤre	höre	1	residual	accept	höre	cab
vermoͤge	vermöge	1	residual	accept	vermöge	hegel1-paare
Erfahrungswiſſenſchaften	Erfahrungswissenschaften	1	ss_audit	accept	Erfahrungswissenschaften	cab
raͤſonnirende	räsonnierende	1	residual	rewrite	räsonierende	hegel1-tabelle
Hiedurch	Hierdurch	1	residual	accept	Hierdurch	hegel1-tabelle
uͤberraſchende	überraschende	1	residual	accept	überraschende	cab
tauſendmahlen	Tausendmalen	1	residual	accept	Tausendmalen	hegel2
fuͤrſich	für-sich	1	residual	rewrite	fürsich	hegel1-tabelle
uͤberleitet	überleitet	1	residual	accept	überleitet	cab
repellirte	rebellierte	1	residual	accept	rebellierte	hegel2
zuruͤckzutreten	zurückzutreten	1	residual	accept	zurückzutreten	cab
An-und-fuͤr-ſich-Seyn	An-und-für-sich-Seyn	1	residual	rewrite	An-und-für-sich-Sein	mechanisch
erſchoͤpfte	erschöpfte	1	residual	accept	erschöpfte	cab
Gebaͤude	Gebäude	1	residual	accept	Gebäude	hegel1-paare
hinausſchieben	hinausschieben	1	ss_audit	accept	hinausschieben	cab
Aufloͤſen	Auflösen	1	residual	accept	Auflösen	hegel1-paare
Buͤcher	Bücher	1	residual	accept	Bücher	cab
auſſereinander	auseinander	1	residual	accept	auseinander	cab
flieſſend	fließend	1	residual	accept	fließend	hegel2
analyſirende	analysierende	1	residual	accept	analysierende	hegel2
uͤberhoben	überhoben	1	residual	accept	überhoben	hegel1-paare
eh	ehe	1	residual	accept	ehe	hegel1-tabelle
ſtoſſen	stoßen	1	residual	accept	stoßen	hegel1-tabelle
uͤbergehende	übergehende	1	residual	accept	übergehende	hegel1-paare
worinn	worin	1	residual	accept	worin	hegel1-paare
Vernunftverhaͤltniſſe	Vernunftverhältnisse	1	residual	accept	Vernunftverhältnisse	cab
Kraͤutern	Kräutern	1	residual	accept	Kräutern	cab
moͤgliche	mögliche	1	residual	accept	mögliche	cab
eingeſchloſſene	eingeschlossene	1	ss_audit	accept	eingeschlossene	hegel1-paare
Begriffsverhaͤltniß	Begriffsverhältnis	1	residual	accept	Begriffsverhältnis	cab
wel„ches	welches	1	residual	accept	welches	cab
verruͤckbar	verrückbar	1	residual	accept	verrückbar	cab
Miſchungsſcale	Mischungsscale	1	ss_audit	accept	Mischungsscale	cab
trokne	trockene	1	residual	accept	trockene	hegel2
uͤbertreffe	übertreffe	1	residual	accept	übertreffe	cab
Affinitaͤt	Affinität	1	residual	accept	Affinität	cab
zuſammenhaͤlt	zusammenhält	1	residual	accept	zusammenhält	hegel1-paare
ſchaale	schale	1	residual	accept	schale	hegel2
Praͤciſion	Präzision	1	residual	accept	Präzision	hegel2
begruͤnden	begründen	1	residual	accept	begründen	hegel1-paare
Alsdenn	Alsdann	1	residual	accept	Alsdann	hegel1-tabelle
vielmahl	vielmal	1	residual	accept	vielmal	hegel2
lebenserfahrnen	lebenserfahrenen	1	residual	accept	lebenserfahrenen	cab
Huͤlle	Hülle	1	residual	accept	Hülle	hegel1-paare
Hirngeſpinnſte	Hirngespinste	1	residual	accept	Hirngespinste	hegel2
abgeſtoſſen	abgestoßen	1	residual	accept	abgestoßen	hegel1-paare
Fortgegangenſeyn	Fortgegangenseyn	1	cab_unnormalized	rewrite	Fortgegangensein	hegel2
vrrſchwindet	verschwindet	1	residual	accept	verschwindet	cab
erfodere	erfordere	1	residual	accept	erfordere	cab
Eintheilungsprincip	Einteilungsprinzip	1	residual	accept	Einteilungsprinzip	hegel2
Truͤm„mer	Trümmer	1	residual	accept	Trümmer	cab
Extenſitaͤt	Extensität	1	residual	accept	Extensität	cab
gegenuͤbergetreten	gegenübergetreten	1	residual	accept	gegenübergetreten	hegel1-paare
zuruͤckkehrend	zurückkehrend	1	residual	accept	zurückkehrend	hegel1-paare
Aeuſſerlichſeyn	Äusserlichsein	1	residual	accept	Äusserlichsein	hegel2
Vorausſetzungen	Voraussetzungen	1	ss_audit	accept	Voraussetzungen	hegel1-tabelle
erſchloſſene	erschlossene	1	ss_audit	accept	erschlossene	cab
Preſſe	Presse	1	ss_audit	accept	Presse	cab
unzuſammenhaͤngend	unzusammenhängend	1	residual	accept	unzusammenhängend	cab
verhaͤrtete	verhärtete	1	residual	accept	verhärtete	cab
Erkaͤltung	Erkältung	1	residual	accept	Erkältung	cab
Eigenthuͤmlichkeit	Eigentümlichkeit	1	residual	accept	Eigentümlichkeit	hegel1-paare
anfaͤngliche	anfängliche	1	residual	accept	anfängliche	cab
ausſchließt	ausschließt	1	ss_audit	accept	ausschließt	cab
naͤchſte	nächste	1	residual	accept	nächste	hegel1-paare
ver„floſſen	verflossen	1	residual	accept	verflossen	cab
zuruͤck„geht	zurückgeht	1	residual	accept	zurückgeht	cab
faͤhrt	fährt	1	residual	accept	fährt	cab
Waͤrmen	Wärmen	1	residual	accept	Wärmen	cab
truͤgeriſchen	trügerischen	1	residual	accept	trügerischen	cab
uͤberſchritten	überschritten	1	residual	accept	überschritten	cab
Geruͤſtes	Gerüstes	1	residual	accept	Gerüstes	cab
geruͤckt	gerückt	1	residual	accept	gerückt	hegel1-paare
Schluſſes	Schlusses	1	ss_audit	accept	Schlusses	hegel1-paare
Qualitaͤt.	Qualität.	1	residual	accept	Qualität.	cab
verſtaͤndige	verständige	1	residual	accept	verständige	hegel1-paare
Thaͤtigkeiten	Tätigkeiten	1	residual	accept	Tätigkeiten	hegel1-paare
ſpecifiſch-aufgenommene	spezifisch-aufgenommene	1	residual	accept	spezifisch-aufgenommene	cab
Sandkoͤrnchen	Sandkörnchen	1	residual	accept	Sandkörnchen	cab
Stuͤcke	Stücke	1	residual	accept	Stücke	cab
Rei„he	Reihe	1	residual	accept	Reihe	cab
eſſe	esse	1	ss_audit	accept	esse	cab
kuͤrzlich	kürzlich	1	residual	accept	kürzlich	cab
negirend	negierend	1	residual	accept	negierend	hegel2
ſinnlichconcreten	sinnlich-konkreten	1	residual	accept	sinnlich-konkreten	cab
raumerfuͤllenden	raumerfüllenden	1	residual	accept	raumerfüllenden	cab
ungeuͤbte	ungeübte	1	residual	accept	ungeübte	cab
angeknuͤpft	angeknüpft	1	residual	accept	angeknüpft	cab
Gefuͤhlen	Gefühlen	1	residual	accept	Gefühlen	cab
concreteres	Konkreteres	1	residual	reject	concreteres	beibehalten (keine Quelle); prüfen
entſieht	entzieht	1	residual	accept	entzieht	cab
gefuͤhlt	gefühlt	1	residual	accept	gefühlt	hegel1-paare
fuͤgen	fügen	1	residual	accept	fügen	cab
hoͤrbar	hörbar	1	residual	accept	hörbar	cab
es-ſeyns	es-seyns	1	cab_unnormalized	rewrite	es-seins	mechanisch
Nuͤrnberg	Nürnberg	1	residual	accept	Nürnberg	cab
haͤrteſte	härteste	1	residual	accept	härteste	hegel1-paare
Ausſchließen	Ausschließen	1	ss_audit	accept	Ausschließen	cab
dreyviertel	drei_Viertel	1	residual	rewrite	dreiviertel	hegel2
Philoſophiren	Philosophieren	1	residual	accept	Philosophieren	hegel1-tabelle
Traͤger	Träger	1	residual	accept	Träger	cab
Gemaͤhlden	Gemälden	1	residual	accept	Gemälden	hegel2
Zahlenverhaͤltniſſe	Zahlenverhältnisse	1	residual	accept	Zahlenverhältnisse	cab
ſpeciellere	speziellere	1	residual	accept	speziellere	hegel1-paare
umſchloſſenes	umschlossenes	1	ss_audit	accept	umschlossenes	cab
unveraͤnderlich	unveränderlich	1	residual	accept	unveränderlich	cab
Kuͤrzer	Kürzer	1	residual	accept	Kürzer	cab
neutraliſirende	neutralisierende	1	residual	accept	neutralisierende	hegel2
Stroͤmen	Strömen	1	residual	accept	Strömen	cab
Misverſtaͤndniß	Mißverständnis	1	residual	accept	Mißverständnis	hegel2
zuruͤckruft	zurückruft	1	residual	accept	zurückruft	cab
Beduͤrfniſſe	Bedürfnisse	1	residual	accept	Bedürfnisse	hegel1-tabelle
abzukuͤrzen	abzukürzen	1	residual	accept	abzukürzen	cab
abloͤſen	ablösen	1	residual	accept	ablösen	hegel1-paare
Ewig„keit	Ewigkeit	1	residual	accept	Ewigkeit	cab
aſſicirt	assicirt	1	ss_audit	accept	assicirt	cab
naͤhernden	nähernden	1	residual	accept	nähernden	cab
Gruͤnem	Grünem	1	residual	accept	Grünem	cab
Misbrauch	Missbrauch	1	residual	accept	Missbrauch	hegel2
Vorausſchickung	Vorausschickung	1	ss_audit	accept	Vorausschickung	cab
Qualitaͤts-Aenderung	Qualitäts-Änderung	1	residual	accept	Qualitäts-Änderung	cab
Finſterniſſe	Finsternisse	1	ss_audit	accept	Finsternisse	cab
Ignoriren	Ignorieren	1	residual	accept	Ignorieren	hegel2
Raumerfuͤllend	Raumerfüllend	1	residual	accept	Raumerfüllend	cab
Gliedmaſſen	Gliedmaßen	1	residual	accept	Gliedmaßen	hegel2
Erlaͤuterten	Erläuterten	1	residual	accept	Erläuterten	cab
gehoͤrigen	gehörigen	1	residual	accept	gehörigen	cab
Merkwuͤrdigkeit	Merkwürdigkeit	1	residual	accept	Merkwürdigkeit	cab
Aufthuͤrmen	Auftürmen	1	residual	accept	Auftürmen	hegel2
inkommenſurabeln	inkommensurablen	1	residual	accept	inkommensurablen	cab
Foͤrderliche	Förderliche	1	residual	accept	Förderliche	cab
Goͤbhard	Göbhard	1	residual	accept	Göbhard	cab
zufaͤllig	zufällig	1	residual	accept	zufällig	hegel1-paare
Wiſſenſchaftlichen	Wissenschaftlichen	1	ss_audit	accept	Wissenschaftlichen	cab
Rothem	rotem	1	residual	accept	rotem	hegel2
gaͤb	gäbe	1	residual	accept	gäbe	cab
neutraliſirenden	neutralisierenden	1	residual	accept	neutralisierenden	hegel2
raͤſonnirendem	räsonierendem	1	residual	accept	räsonierendem	hegel2
rotundis	Rotunde	1	residual	accept	Rotunde	cab
Merkmahle	Merkmale	1	residual	accept	Merkmale	hegel1-tabelle
hinausgefuͤhrte	hinausgeführte	1	residual	accept	hinausgeführte	cab
dunkeln	dunklen	1	residual	reject	dunkeln	hegel1-paare
abſchlieſſen	abschließen	1	residual	accept	abschließen	hegel2
ungetruͤbten	ungetrübten	1	residual	accept	ungetrübten	cab
Loos	Los	1	residual	accept	Los	hegel1-paare
uͤbertrift	übertrifft	1	residual	accept	übertrifft	hegel2
repellirend	rebellierend	1	residual	accept	rebellierend	hegel2
ſproͤde	spröde	1	residual	accept	spröde	hegel1-paare
Auſſer-ſich-gehen	Ausser-sich-gehen	1	ss_audit	accept	Ausser-sich-gehen	cab
Elemen„tarſubſtanzen	Elementarsubstanzen	1	residual	accept	Elementarsubstanzen	cab
continuire	kontinuiere	1	residual	accept	kontinuiere	hegel2
retardirte	retardierte	1	residual	accept	retardierte	hegel2
Ueberſchrift	Überschrift	1	residual	accept	Überschrift	hegel2
haͤuffe	häufe	1	residual	accept	häufe	hegel2
Unvollſtaͤndigkeit	Unvollständigkeit	1	residual	accept	Unvollständigkeit	cab
negirtes	negiertes	1	residual	accept	negiertes	hegel2
maͤchtig	mächtig	1	residual	accept	mächtig	hegel1-paare
Erfahrungswiſſenſchaft	Erfahrungswissenschaft	1	ss_audit	accept	Erfahrungswissenschaft	cab
Hauptgeſchaͤft	Hauptgeschäft	1	residual	accept	Hauptgeschäft	cab
Feldmeſſen	Feldmessen	1	ss_audit	accept	Feldmessen	cab
moͤg„lich	möglich	1	residual	accept	möglich	cab
bekanntermaſſen	bekanntermaßen	1	residual	accept	bekanntermaßen	hegel2
uͤberwunden	überwunden	1	residual	accept	überwunden	hegel1-paare
beruͤhrenden	berührenden	1	residual	accept	berührenden	cab
Nichtſeyende	Nichtseyende	1	cab_unnormalized	rewrite	Nichtseiende	hegel1-paare
vorausſagen	voraussagen	1	ss_audit	accept	voraussagen	cab
gluͤcklicherweiſe	glücklicherweise	1	residual	accept	glücklicherweise	cab
merkwuͤrdigſten	merkwürdigsten	1	residual	accept	merkwürdigsten	cab
Zufaͤlliges	Zufälliges	1	residual	accept	Zufälliges	hegel1-paare
duͤrfe	dürfe	1	residual	accept	dürfe	hegel1-paare
nie„mals	niemals	1	residual	accept	niemals	cab
Beſchraͤnkungen	Beschränkungen	1	residual	accept	Beschränkungen	cab
ausdruͤcklicher	ausdrücklicher	1	residual	accept	ausdrücklicher	cab
ſchluͤßliche	schlüssliche	1	residual	accept	schlüssliche	cab
geſchmaͤlert	geschmälert	1	residual	accept	geschmälert	cab
perennirend	perennierend	1	residual	accept	perennierend	hegel2
Aufbuͤrgen	Aufbürgen	1	residual	accept	Aufbürgen	cab
zerſtoͤren	zerstören	1	residual	accept	zerstören	hegel1-paare
aͤuſſerli„che	äußerliche	1	residual	accept	äußerliche	cab
neutraliſirt	neutralisiert	1	residual	accept	neutralisiert	hegel2
deducirten	deduzierten	1	residual	accept	deduzierten	hegel2
entlaſſen	entlassen	1	ss_audit	accept	entlassen	hegel1-paare
woruͤber	worüber	1	residual	accept	worüber	hegel1-paare
Aeuſſere	Äußere	1	residual	accept	Äußere	hegel1-tabelle
gaͤnzliche	gänzliche	1	residual	accept	gänzliche	hegel1-paare
Kuͤnſteleyen	Künsteleien	1	residual	accept	Künsteleien	hegel2
ſtoͤrende	störende	1	residual	accept	störende	cab
Erſchuͤtterung	Erschütterung	1	residual	accept	Erschütterung	cab
uͤberlaſſen	überlassen	1	residual	accept	überlassen	hegel1-paare
ſchaͤdlich	schädlich	1	residual	accept	schädlich	cab
durchlaͤuft	durchläuft	1	residual	accept	durchläuft	cab
gegenuͤberſtehende	gegenüberstehende	1	residual	accept	gegenüberstehende	hegel1-paare
Quantitaͤts-	Quantitäts-	1	residual	accept	Quantitäts-	cab
erklaͤren	erklären	1	residual	accept	erklären	hegel1-paare
umſchloſſen	umschlossen	1	ss_audit	accept	umschlossen	cab
hinausgefuͤhrt	hinausgeführt	1	residual	accept	hinausgeführt	cab
einzulaſſen	einzulassen	1	ss_audit	accept	einzulassen	hegel1-paare
Unaufloͤsbarkeit	Unauflösbarkeit	1	residual	accept	Unauflösbarkeit	cab
vorgaͤngige	vorgängige	1	residual	accept	vorgängige	cab
Hervorgangs	Herrvorgangs	1	residual	reject	Hervorgangs	hegel1-paare
Nichtſe	Nichts	1	residual	accept	Nichts	cab
Verwandſchaft	Verwandtschaft	1	residual	accept	Verwandtschaft	hegel2
Ausſen	Aussen	1	ss_audit	rewrite	Außen	hegel1-paare
unbetraͤchtlich	unbeträchtlich	1	residual	accept	unbeträchtlich	cab
verfloſſene	verflossene	1	ss_audit	accept	verflossene	cab
vernachlaͤſſigte	vernachlässigte	1	residual	accept	vernachlässigte	cab
druͤckend	drückend	1	residual	accept	drückend	cab
vernuͤnftiger	vernünftiger	1	residual	accept	vernünftiger	cab
wiederhohlende	wiederholende	1	residual	accept	wiederholende	hegel2
muͤndlich	mündlich	1	residual	accept	mündlich	cab
Fuͤr-ſichſeyn	Für-sich-sein	1	residual	accept	Für-sich-sein	cab
Maaßloſen	Maßlosen	1	residual	accept	Maßlosen	hegel2
Desorientirung	Desorientierung	1	residual	accept	Desorientierung	hegel2
allmaͤhliges	allmähliches	1	residual	accept	allmähliches	hegel2
indeß	indes	1	residual	accept	indes	hegel2
raͤſonnirenden	räsonierenden	1	residual	accept	räsonierenden	hegel1-tabelle
Ausſchlieſſenden	Ausschliessenden	1	ss_audit	accept	Ausschliessenden	cab
angehoͤrig	angehörig	1	residual	accept	angehörig	hegel1-paare
Elektricitaͤten	Elektrizitäten	1	residual	accept	Elektrizitäten	hegel1-paare
reichern	reicheren	1	residual	accept	reicheren	cab
Gebuͤrge	Gebirge	1	residual	accept	Gebirge	hegel2
wiederhohlendes	wiederholendes	1	residual	accept	wiederholendes	cab
Einfluſſes	Einflusses	1	ss_audit	accept	Einflusses	cab
laͤugnen	leugnen	1	residual	accept	leugnen	cab
Ausdruͤcken	Ausdrücken	1	residual	accept	Ausdrücken	cab
Reſultirende	Resultierende	1	residual	accept	Resultierende	hegel2
entaͤuſſert	entäußert	1	residual	accept	entäußert	hegel1-tabelle
Naͤhe	Nähe	1	residual	accept	Nähe	hegel1-paare
Erhaben„heit	Erhabenheit	1	residual	accept	Erhabenheit	cab
angeſchloſſen	angeschlossen	1	ss_audit	accept	angeschlossen	cab
gruͤndlichen	gründlichen	1	residual	accept	gründlichen	cab
Stikſtoffoxide	Stickstoffoxide	1	residual	accept	Stickstoffoxide	hegel2
Aſſertoriſche	Assertorische	1	ss_audit	accept	Assertorische	cab
Irrthuͤmer	Irrtümer	1	residual	accept	Irrtümer	hegel1-paare
Fermat	Fermate	1	residual	accept	Fermate	cab
Vornemlich	Vornehmlich	1	residual	accept	Vornehmlich	hegel2
zuwaͤchſt	zuwächst	1	residual	accept	zuwächst	cab
Auſſereinanderſeyns	Auseinanderseins	1	residual	rewrite	Außereinanderseins	hegel2
Groͤßenbeſtimmtheit	Größenbestimmtheit	1	residual	accept	Größenbestimmtheit	cab
Negirtwerden	Negiertwerden	1	residual	accept	Negiertwerden	hegel2
ſpeeifiſches	Speifisches	1	residual	accept	Speifisches	cab
Uebung	Übung	1	residual	accept	Übung	hegel2
qualitaͤtsloſen	qualitätslosen	1	residual	accept	qualitätslosen	cab
ſchlieſſend	schließend	1	residual	accept	schließend	hegel2
zuruͤckkommend	zurückkommend	1	residual	accept	zurückkommend	cab
uͤber-	über-	1	residual	accept	über-	cab
conſtruirt	konstruiert	1	residual	accept	konstruiert	hegel1-paare
vieljaͤhrige	vieljährige	1	residual	accept	vieljährige	cab
Centnern	Zentnern	1	residual	accept	Zentnern	hegel2
zweydritteln	zwei_Dritteln	1	residual	rewrite	zweidritteln	hegel2
Dafuͤrhalten	Dafürhalten	1	residual	accept	Dafürhalten	hegel1-paare
Raͤſonniren	Räsonieren	1	residual	accept	Räsonieren	hegel1-tabelle
naͤhert	nähert	1	residual	accept	nähert	hegel1-paare
Flaͤchen-	Flächen-	1	residual	accept	Flächen-	cab
Anfuͤhrungen	Anführungen	1	residual	accept	Anführungen	cab
exiſtirende	existierende	1	residual	accept	existierende	hegel1-tabelle
an-und-fuͤr-ſich	an-und-für-sich	1	residual	accept	an-und-für-sich	cab
befaſſende	befassende	1	ss_audit	accept	befassende	hegel1-paare
Eroͤrterte	Erörterte	1	residual	accept	Erörterte	cab
verſtaͤndlicher	verständlicher	1	residual	accept	verständlicher	cab
Temperiren	Temperieren	1	residual	accept	Temperieren	hegel2
unfaͤhig	unfähig	1	residual	accept	unfähig	hegel1-paare
Vielfaͤltiges	Vielfältiges	1	residual	accept	Vielfältiges	cab
Hiebey	Hierbei	1	residual	accept	Hierbei	hegel1-paare
gegenuͤberſtehend	gegenüberstehend	1	residual	accept	gegenüberstehend	hegel1-paare
attrahirte	attrahierte	1	residual	accept	attrahierte	cab
Ueberſchuſſe	Überschusse	1	residual	accept	Überschusse	mechanisch
zuruͤckgefuͤhrte	zurückgeführte	1	residual	accept	zurückgeführte	cab
Objectivitaͤt	Objektivität	1	residual	accept	Objektivität	hegel1-paare
ausdruͤcklich	ausdrücklich	1	residual	accept	ausdrücklich	cab
aͤhnlich	ähnlich	1	residual	accept	ähnlich	hegel1-paare
Heruͤber-	Herüber-	1	residual	accept	Herüber-	cab
beſſern	besseren	1	residual	rewrite	bessern	hegel1-tabelle

